classroom_name,profile_id,session,avg_progress,n_activities
경포고등학교 해양쓰레기,126353,1.0,0.0,9
경포고등학교 해양쓰레기,126353,2.0,0.0,3
경포고등학교 해양쓰레기,126353,3.0,0.0,5
경포고등학교 해양쓰레기,126353,4.0,0.0,6
경포고등학교 해양쓰레기,126353,5.0,0.0,2
경포고등학교 해양쓰레기,126353,7.0,0.0,6
경포고등학교 해양쓰레기,126353,8.0,0.0,1
경포고등학교 해양쓰레기,126353,10.0,0.0,2
경포고등학교 해양쓰레기,126353,11.0,0.0,1
경포고등학교 해양쓰레기,126354,1.0,0.0,11
경포고등학교 해양쓰레기,126354,2.0,0.0,12
경포고등학교 해양쓰레기,126354,3.0,0.0,3
경포고등학교 해양쓰레기,126354,4.0,0.0,39
경포고등학교 해양쓰레기,126354,5.0,0.0,28
경포고등학교 해양쓰레기,126354,7.0,0.0,10
경포고등학교 해양쓰레기,126354,8.0,0.0,2
경포고등학교 해양쓰레기,126354,11.0,0.0,1
경포고등학교 해양쓰레기,126354,13.0,0.0,4
경포고등학교 해양쓰레기,126355,1.0,0.0,36
경포고등학교 해양쓰레기,126355,2.0,0.0,16
경포고등학교 해양쓰레기,126355,3.0,0.0,32
경포고등학교 해양쓰레기,126355,4.0,0.0,4
경포고등학교 해양쓰레기,126355,5.0,0.0,4
경포고등학교 해양쓰레기,126355,7.0,0.0,19
경포고등학교 해양쓰레기,126355,8.0,0.0,1
경포고등학교 해양쓰레기,126355,11.0,0.0,3
경포고등학교 해양쓰레기,126355,12.0,0.0,2
경포고등학교 해양쓰레기,126356,1.0,0.0,12
경포고등학교 해양쓰레기,126356,2.0,0.0,9
경포고등학교 해양쓰레기,126356,3.0,0.0,8
경포고등학교 해양쓰레기,126356,4.0,0.0,9
경포고등학교 해양쓰레기,126356,5.0,0.0,9
경포고등학교 해양쓰레기,126356,7.0,0.0,34
경포고등학교 해양쓰레기,126356,8.0,0.0,4
경포고등학교 해양쓰레기,126356,10.0,0.0,1
경포고등학교 해양쓰레기,126356,11.0,0.0,1
경포고등학교 해양쓰레기,126357,1.0,0.0,55
경포고등학교 해양쓰레기,126357,2.0,0.0,21
경포고등학교 해양쓰레기,126357,3.0,0.0,6
경포고등학교 해양쓰레기,126357,4.0,0.0,17
경포고등학교 해양쓰레기,126357,5.0,0.0,16
경포고등학교 해양쓰레기,126357,7.0,0.0,14
경포고등학교 해양쓰레기,126357,8.0,0.0,3
경포고등학교 해양쓰레기,126357,9.0,0.0,1
경포고등학교 해양쓰레기,126357,10.0,0.0,1
경포고등학교 해양쓰레기,126357,11.0,0.0,4
경포고등학교 해양쓰레기,126357,14.0,0.0,1
경포고등학교 해양쓰레기,126358,1.0,0.0,46
경포고등학교 해양쓰레기,126358,2.0,0.0,29
경포고등학교 해양쓰레기,126358,3.0,0.0,3
경포고등학교 해양쓰레기,126358,4.0,0.0,18
경포고등학교 해양쓰레기,126358,5.0,0.0,22
경포고등학교 해양쓰레기,126358,7.0,0.0,6
경포고등학교 해양쓰레기,126358,8.0,0.0,10
경포고등학교 해양쓰레기,126358,11.0,0.0,7
경포고등학교 해양쓰레기,126358,12.0,0.0,6
경포고등학교 해양쓰레기,126360,1.0,0.0,15
경포고등학교 해양쓰레기,126360,2.0,0.0,33
경포고등학교 해양쓰레기,126360,3.0,0.0,3
경포고등학교 해양쓰레기,126360,4.0,0.0,6
경포고등학교 해양쓰레기,126360,5.0,0.0,2
경포고등학교 해양쓰레기,126360,7.0,0.0,25
경포고등학교 해양쓰레기,126360,8.0,0.0,20
경포고등학교 해양쓰레기,126360,9.0,0.0,4
경포고등학교 해양쓰레기,126360,10.0,0.0,4
경포고등학교 해양쓰레기,126360,11.0,0.0,1
경포고등학교 해양쓰레기,126360,14.0,0.0,2
경포고등학교 해양쓰레기,126362,1.0,0.0,9
경포고등학교 해양쓰레기,126362,2.0,0.0,5
경포고등학교 해양쓰레기,126362,3.0,0.0,6
경포고등학교 해양쓰레기,126362,4.0,0.0,7
경포고등학교 해양쓰레기,126362,5.0,0.0,5
경포고등학교 해양쓰레기,126362,7.0,0.0,30
경포고등학교 해양쓰레기,126362,8.0,0.0,5
경포고등학교 해양쓰레기,126362,9.0,0.0,1
경포고등학교 해양쓰레기,126362,11.0,0.0,3
경포고등학교 해양쓰레기,126362,12.0,0.0,10
경포고등학교 해양쓰레기,126362,14.0,0.0,3
경포고등학교 해양쓰레기,126363,1.0,0.0,39
경포고등학교 해양쓰레기,126363,2.0,0.0,13
경포고등학교 해양쓰레기,126363,3.0,0.0,11
경포고등학교 해양쓰레기,126363,4.0,0.0,8
경포고등학교 해양쓰레기,126363,5.0,0.0,10
경포고등학교 해양쓰레기,126363,7.0,0.0,37
경포고등학교 해양쓰레기,126363,11.0,0.0,1
경포고등학교 해양쓰레기,126363,12.0,0.0,6
경포고등학교 해양쓰레기,126363,13.0,0.0,6
경포고등학교 해양쓰레기,126364,1.0,0.0,12
경포고등학교 해양쓰레기,126364,2.0,0.0,18
경포고등학교 해양쓰레기,126364,3.0,0.0,13
경포고등학교 해양쓰레기,126364,4.0,0.0,17
경포고등학교 해양쓰레기,126364,5.0,0.0,11
경포고등학교 해양쓰레기,126364,7.0,0.0,31
경포고등학교 해양쓰레기,126364,11.0,0.0,1
경포고등학교 해양쓰레기,126364,12.0,0.0,12
경포고등학교 해양쓰레기,126364,13.0,0.0,6
경포고등학교 해양쓰레기,126364,14.0,0.0,7
경포고등학교 해양쓰레기,126365,1.0,0.0,14
경포고등학교 해양쓰레기,126365,2.0,0.0,9
경포고등학교 해양쓰레기,126365,3.0,0.0,3
경포고등학교 해양쓰레기,126365,4.0,0.0,8
경포고등학교 해양쓰레기,126365,5.0,0.0,4
경포고등학교 해양쓰레기,126365,7.0,0.0,4
경포고등학교 해양쓰레기,126365,8.0,0.0,4
경포고등학교 해양쓰레기,126365,10.0,0.0,1
경포고등학교 해양쓰레기,126365,11.0,0.0,1
경포고등학교 해양쓰레기,126366,1.0,0.0,17
경포고등학교 해양쓰레기,126366,2.0,0.0,19
경포고등학교 해양쓰레기,126366,3.0,0.0,8
경포고등학교 해양쓰레기,126366,4.0,0.0,6
경포고등학교 해양쓰레기,126366,5.0,0.0,4
경포고등학교 해양쓰레기,126366,7.0,0.0,13
경포고등학교 해양쓰레기,126366,8.0,0.0,9
경포고등학교 해양쓰레기,126366,9.0,0.0,3
경포고등학교 해양쓰레기,126366,10.0,0.0,3
경포고등학교 해양쓰레기,126366,11.0,0.0,1
경포고등학교 해양쓰레기,126366,12.0,0.0,2
경포고등학교 해양쓰레기,126367,1.0,0.0,12
경포고등학교 해양쓰레기,126367,2.0,0.0,27
경포고등학교 해양쓰레기,126367,3.0,0.0,21
경포고등학교 해양쓰레기,126367,4.0,0.0,10
경포고등학교 해양쓰레기,126367,5.0,0.0,2
경포고등학교 해양쓰레기,126367,7.0,0.0,19
경포고등학교 해양쓰레기,126367,11.0,0.0,1
경포고등학교 해양쓰레기,126367,12.0,0.0,12
경포고등학교 해양쓰레기,126367,14.0,0.0,1
경포고등학교 해양쓰레기,126367,15.0,0.0,2
경포고등학교 해양쓰레기,126368,1.0,0.0,42
경포고등학교 해양쓰레기,126368,2.0,0.0,23
경포고등학교 해양쓰레기,126368,3.0,0.0,8
경포고등학교 해양쓰레기,126368,4.0,0.0,9
경포고등학교 해양쓰레기,126368,5.0,0.0,2
경포고등학교 해양쓰레기,126368,7.0,0.0,20
경포고등학교 해양쓰레기,126368,8.0,0.0,1
경포고등학교 해양쓰레기,126368,9.0,0.0,1
경포고등학교 해양쓰레기,126368,11.0,0.0,1
경포고등학교 해양쓰레기,126368,12.0,0.0,2
경포고등학교 해양쓰레기,126368,14.0,0.0,3
경포고등학교 해양쓰레기,126369,1.0,0.0,7
경포고등학교 해양쓰레기,126369,2.0,0.0,57
경포고등학교 해양쓰레기,126369,3.0,0.0,7
경포고등학교 해양쓰레기,126369,4.0,0.0,6
경포고등학교 해양쓰레기,126369,5.0,0.0,24
경포고등학교 해양쓰레기,126369,7.0,0.0,9
경포고등학교 해양쓰레기,126369,8.0,0.0,4
경포고등학교 해양쓰레기,126369,11.0,0.0,1
경포고등학교 해양쓰레기,126369,12.0,0.0,4
경포고등학교 해양쓰레기,126369,13.0,0.0,3
경포고등학교 해양쓰레기,126370,1.0,0.0,13
경포고등학교 해양쓰레기,126370,2.0,0.0,19
경포고등학교 해양쓰레기,126370,3.0,0.0,3
경포고등학교 해양쓰레기,126370,4.0,0.0,6
경포고등학교 해양쓰레기,126370,5.0,0.0,2
경포고등학교 해양쓰레기,126370,7.0,0.0,20
경포고등학교 해양쓰레기,126370,9.0,0.0,3
경포고등학교 해양쓰레기,126370,10.0,0.0,1
경포고등학교 해양쓰레기,126370,11.0,0.0,1
경포고등학교 해양쓰레기,126370,14.0,0.0,1
경포고등학교 해양쓰레기,126371,1.0,0.0,76
경포고등학교 해양쓰레기,126371,2.0,0.0,33
경포고등학교 해양쓰레기,126371,3.0,0.0,13
경포고등학교 해양쓰레기,126371,4.0,0.0,6
경포고등학교 해양쓰레기,126371,5.0,0.0,14
경포고등학교 해양쓰레기,126371,7.0,0.0,8
경포고등학교 해양쓰레기,126371,11.0,0.0,5
경포고등학교 해양쓰레기,126371,12.0,0.0,16
경포고등학교 해양쓰레기,126371,13.0,0.0,2
경포고등학교 해양쓰레기,126372,1.0,0.0,14
경포고등학교 해양쓰레기,126372,2.0,0.0,21
경포고등학교 해양쓰레기,126372,3.0,0.0,23
경포고등학교 해양쓰레기,126372,4.0,0.0,18
경포고등학교 해양쓰레기,126372,5.0,0.0,7
경포고등학교 해양쓰레기,126372,7.0,0.0,12
경포고등학교 해양쓰레기,126372,8.0,0.0,1
경포고등학교 해양쓰레기,126372,11.0,0.0,1
경포고등학교 해양쓰레기,126372,13.0,0.0,2
광주수피아여자고등학교 해양쓰레기,125191,1.0,0.0,18
광주수피아여자고등학교 해양쓰레기,125191,2.0,0.0,8
광주수피아여자고등학교 해양쓰레기,125191,3.0,0.0,3
광주수피아여자고등학교 해양쓰레기,125191,4.0,0.0,8
광주수피아여자고등학교 해양쓰레기,125191,5.0,0.0,3
광주수피아여자고등학교 해양쓰레기,125191,7.0,0.0,21
광주수피아여자고등학교 해양쓰레기,125191,8.0,0.0,3
광주수피아여자고등학교 해양쓰레기,125191,9.0,0.0,9
광주수피아여자고등학교 해양쓰레기,125191,12.0,0.0,2
광주수피아여자고등학교 해양쓰레기,125192,1.0,0.0,5
광주수피아여자고등학교 해양쓰레기,125192,2.0,0.0,4
광주수피아여자고등학교 해양쓰레기,125192,5.0,0.0,6
광주수피아여자고등학교 해양쓰레기,125192,7.0,0.0,10
광주수피아여자고등학교 해양쓰레기,125192,8.0,0.0,2
광주수피아여자고등학교 해양쓰레기,125193,3.0,0.0,2
광주수피아여자고등학교 해양쓰레기,125193,7.0,0.0,36
광주수피아여자고등학교 해양쓰레기,125194,2.0,0.0,2
광주수피아여자고등학교 해양쓰레기,125194,8.0,0.0,5
광주수피아여자고등학교 해양쓰레기,125195,7.0,0.0,20
광주수피아여자고등학교 해양쓰레기,125195,8.0,0.0,1
광주수피아여자고등학교 해양쓰레기,125196,7.0,0.0,20
광주수피아여자고등학교 해양쓰레기,125196,8.0,0.0,1
광주수피아여자고등학교 해양쓰레기,125196,13.0,0.0,2
광주수피아여자고등학교 해양쓰레기,125197,7.0,0.0,22
광주수피아여자고등학교 해양쓰레기,125198,7.0,0.0,22
광주수피아여자고등학교 해양쓰레기,125198,8.0,0.0,6
광주수피아여자고등학교 해양쓰레기,125198,9.0,0.0,4
광주수피아여자고등학교 해양쓰레기,125199,5.0,0.0,8
광주수피아여자고등학교 해양쓰레기,125199,7.0,0.0,30
광주수피아여자고등학교 해양쓰레기,125199,8.0,0.0,1
광주수피아여자고등학교 해양쓰레기,125199,9.0,0.0,5
광주수피아여자고등학교 해양쓰레기,125200,7.0,0.0,12
광주수피아여자고등학교 해양쓰레기,125200,8.0,0.0,2
광주수피아여자고등학교 해양쓰레기,125200,9.0,0.0,3
광주수피아여자고등학교 해양쓰레기,125201,7.0,0.0,25
광주수피아여자고등학교 해양쓰레기,125201,8.0,0.0,2
광주수피아여자고등학교 해양쓰레기,125201,9.0,0.0,1
광주수피아여자고등학교 해양쓰레기,125202,1.0,0.0,13
광주수피아여자고등학교 해양쓰레기,125202,2.0,0.0,1
광주수피아여자고등학교 해양쓰레기,125202,5.0,0.0,2
광주수피아여자고등학교 해양쓰레기,125202,7.0,0.0,19
광주수피아여자고등학교 해양쓰레기,125203,1.0,0.0,7
광주수피아여자고등학교 해양쓰레기,125203,2.0,0.0,5
광주수피아여자고등학교 해양쓰레기,125203,3.0,0.0,5
광주수피아여자고등학교 해양쓰레기,125203,5.0,0.0,6
광주수피아여자고등학교 해양쓰레기,125203,7.0,0.0,14
광주수피아여자고등학교 해양쓰레기,125203,8.0,0.0,2
광주수피아여자고등학교 해양쓰레기,125204,1.0,0.0,2
광주수피아여자고등학교 해양쓰레기,125204,7.0,0.0,24
광주수피아여자고등학교 해양쓰레기,125204,8.0,0.0,1
광주수피아여자고등학교 해양쓰레기,125205,1.0,0.0,15
광주수피아여자고등학교 해양쓰레기,125205,2.0,0.0,2
광주수피아여자고등학교 해양쓰레기,125205,3.0,0.0,2
광주수피아여자고등학교 해양쓰레기,125206,1.0,0.0,3
광주수피아여자고등학교 해양쓰레기,125206,3.0,0.0,1
광주수피아여자고등학교 해양쓰레기,125206,7.0,0.0,26
광주수피아여자고등학교 해양쓰레기,125206,8.0,0.0,3
광주수피아여자고등학교 해양쓰레기,125206,9.0,0.0,2
광주수피아여자고등학교 해양쓰레기,125207,8.0,0.0,1
군산대성중학교 해양쓰레기,126376,1.0,0.0,6
군산대성중학교 해양쓰레기,126376,2.0,0.0,5
군산대성중학교 해양쓰레기,126376,3.0,0.0,3
군산대성중학교 해양쓰레기,126376,4.0,0.0,49
군산대성중학교 해양쓰레기,126376,5.0,0.0,7
군산대성중학교 해양쓰레기,126376,7.0,0.0,25
군산대성중학교 해양쓰레기,126376,8.0,0.0,9
군산대성중학교 해양쓰레기,126377,1.0,0.0,4
군산대성중학교 해양쓰레기,126377,2.0,0.0,7
군산대성중학교 해양쓰레기,126377,3.0,0.0,3
군산대성중학교 해양쓰레기,126377,4.0,0.0,2
군산대성중학교 해양쓰레기,126377,7.0,0.0,38
군산대성중학교 해양쓰레기,126377,9.0,0.0,1
군산대성중학교 해양쓰레기,126377,13.0,0.0,6
군산대성중학교 해양쓰레기,126378,7.0,0.0,20
군산대성중학교 해양쓰레기,126379,7.0,0.0,22
군산대성중학교 해양쓰레기,126379,8.0,0.0,2
군산대성중학교 해양쓰레기,126379,9.0,0.0,12
군산대성중학교 해양쓰레기,126380,1.0,0.0,29
군산대성중학교 해양쓰레기,126380,2.0,0.0,3
군산대성중학교 해양쓰레기,126380,3.0,0.0,2
군산대성중학교 해양쓰레기,126380,7.0,0.0,3
군산대성중학교 해양쓰레기,126380,8.0,0.0,1
군산대성중학교 해양쓰레기,126381,1.0,0.0,22
군산대성중학교 해양쓰레기,126381,2.0,0.0,21
군산대성중학교 해양쓰레기,126381,3.0,0.0,21
군산대성중학교 해양쓰레기,126381,4.0,0.0,38
군산대성중학교 해양쓰레기,126381,5.0,0.0,92
군산대성중학교 해양쓰레기,126381,7.0,0.0,34
군산대성중학교 해양쓰레기,126381,8.0,0.0,1
군산대성중학교 해양쓰레기,126381,9.0,0.0,7
군산대성중학교 해양쓰레기,126382,7.0,0.0,22
군산대성중학교 해양쓰레기,126382,9.0,0.0,3
군산대성중학교 해양쓰레기,126382,12.0,0.0,6
군산대성중학교 해양쓰레기,126382,13.0,0.0,3
군산대성중학교 해양쓰레기,126383,7.0,0.0,14
군산대성중학교 해양쓰레기,126383,13.0,0.0,4
군산대성중학교 해양쓰레기,126384,1.0,0.0,6
군산대성중학교 해양쓰레기,126384,2.0,0.0,12
군산대성중학교 해양쓰레기,126384,7.0,0.0,26
군산대성중학교 해양쓰레기,126384,10.0,0.0,2
군산대성중학교 해양쓰레기,126384,12.0,0.0,10
군산대성중학교 해양쓰레기,126384,13.0,0.0,6
군산대성중학교 해양쓰레기,126385,13.0,0.0,11
대구과학고등학교 식량안보,125086,1.0,0.0,13
대구과학고등학교 식량안보,125086,7.0,0.0,1
대구과학고등학교 식량안보,125086,12.0,0.0,2
대구과학고등학교 식량안보,125086,13.0,0.0,1
대구과학고등학교 식량안보,125087,7.0,0.0,4
대구과학고등학교 식량안보,125087,8.0,0.0,2
대구과학고등학교 식량안보,125087,12.0,0.0,4
대구과학고등학교 식량안보,125087,13.0,0.0,5
대구과학고등학교 식량안보,125087,15.0,0.0,2
대구과학고등학교 식량안보,125088,12.0,0.0,8
대구과학고등학교 식량안보,125088,14.0,0.0,2
대구과학고등학교 식량안보,125089,12.0,0.0,14
대구과학고등학교 식량안보,125090,1.0,0.0,15
대구과학고등학교 식량안보,125090,3.0,0.0,2
대구과학고등학교 식량안보,125090,7.0,0.0,1
대구과학고등학교 식량안보,125091,1.0,0.0,2
대구과학고등학교 식량안보,125091,2.0,0.0,12
대구과학고등학교 식량안보,125091,3.0,0.0,5
대구과학고등학교 식량안보,125091,4.0,0.0,2
대구과학고등학교 식량안보,125091,7.0,0.0,6
대구과학고등학교 식량안보,125091,12.0,0.0,4
대구과학고등학교 식량안보,125092,7.0,0.0,1
대구과학고등학교 식량안보,125092,12.0,0.0,18
대구과학고등학교 식량안보,125092,13.0,0.0,6
대구과학고등학교 식량안보,125092,14.0,0.0,6
대구과학고등학교 식량안보,125094,1.0,0.0,4
대구과학고등학교 식량안보,125094,6.0,0.0,1
대구과학고등학교 식량안보,125094,7.0,0.0,1
대구과학고등학교 식량안보,125095,3.0,0.0,4
대구과학고등학교 식량안보,125095,7.0,0.0,1
대구과학고등학교 식량안보,125096,8.0,0.0,1
대원여자고등학교 식량안보,126201,1.0,0.0,2
대원여자고등학교 식량안보,126201,3.0,0.0,4
대원여자고등학교 식량안보,126201,7.0,0.0,6
대원여자고등학교 식량안보,126201,12.0,0.0,2
대원여자고등학교 식량안보,126202,1.0,0.0,11
대원여자고등학교 식량안보,126202,4.0,0.0,1
대원여자고등학교 식량안보,126202,9.0,0.0,1
대원여자고등학교 식량안보,126203,1.0,0.0,12
대원여자고등학교 식량안보,126203,4.0,0.0,1
대원여자고등학교 식량안보,126204,1.0,0.0,25
대원여자고등학교 식량안보,126204,12.0,0.0,2
대원여자고등학교 식량안보,126205,1.0,0.0,2
대원여자고등학교 식량안보,126205,3.0,0.0,1
대원여자고등학교 식량안보,126205,4.0,0.0,1
대원여자고등학교 식량안보,126205,7.0,0.0,12
대원여자고등학교 식량안보,126205,8.0,0.0,3
대원여자고등학교 식량안보,126205,13.0,0.0,7
대원여자고등학교 식량안보,126206,1.0,0.0,8
대원여자고등학교 식량안보,126206,2.0,0.0,6
대원여자고등학교 식량안보,126206,3.0,0.0,4
대원여자고등학교 식량안보,126206,4.0,0.0,19
대원여자고등학교 식량안보,126206,8.0,0.0,1
대원여자고등학교 식량안보,126207,1.0,0.0,17
대원여자고등학교 식량안보,126207,3.0,0.0,16
대원여자고등학교 식량안보,126207,4.0,0.0,57
대원여자고등학교 식량안보,126207,13.0,0.0,2
대원여자고등학교 식량안보,126208,1.0,0.0,20
대원여자고등학교 식량안보,126208,7.0,0.0,1
대전대성고등학교 기후변화,126421,3.0,0.0,1
대전대성고등학교 기후변화,126422,3.0,0.0,1
대전대성고등학교 기후변화,126424,1.0,0.0,2
대전대성고등학교 기후변화,126424,3.0,0.0,1
대전대성고등학교 기후변화,126425,2.0,0.0,21
대전대성고등학교 기후변화,126425,3.0,0.0,1
대전대성고등학교 기후변화,126426,3.0,0.0,1
대전대성고등학교 기후변화,126427,1.0,0.0,10
대전대성고등학교 기후변화,126427,3.0,0.0,9
대전대성고등학교 기후변화,126428,3.0,0.0,1
대전대성고등학교 기후변화,126429,3.0,0.0,1
대전대성고등학교 기후변화,127402,3.0,0.0,6
대진전자통신고등학교 해양쓰레기,125256,1.0,0.0,32
대진전자통신고등학교 해양쓰레기,125256,8.0,0.0,1
대진전자통신고등학교 해양쓰레기,125256,9.0,0.0,4
대진전자통신고등학교 해양쓰레기,125256,10.0,0.0,3
대진전자통신고등학교 해양쓰레기,125257,1.0,0.0,34
대진전자통신고등학교 해양쓰레기,125257,4.0,0.0,3
대진전자통신고등학교 해양쓰레기,125258,1.0,0.0,31
대진전자통신고등학교 해양쓰레기,125258,8.0,0.0,1
대진전자통신고등학교 해양쓰레기,125258,12.0,0.0,8
대진전자통신고등학교 해양쓰레기,125258,13.0,0.0,8
대진전자통신고등학교 해양쓰레기,125259,1.0,0.0,31
대진전자통신고등학교 해양쓰레기,125259,3.0,0.0,1
대진전자통신고등학교 해양쓰레기,125259,9.0,0.0,1
대진전자통신고등학교 해양쓰레기,125260,9.0,0.0,8
대진전자통신고등학교 해양쓰레기,125260,12.0,0.0,2
대진전자통신고등학교 해양쓰레기,125261,9.0,0.0,1
대진전자통신고등학교 해양쓰레기,125261,13.0,0.0,1
대진전자통신고등학교 해양쓰레기,125262,1.0,0.0,31
대진전자통신고등학교 해양쓰레기,125262,9.0,0.0,2
대진전자통신고등학교 해양쓰레기,125262,12.0,0.0,4
대진전자통신고등학교 해양쓰레기,125263,1.0,0.0,62
대진전자통신고등학교 해양쓰레기,125263,8.0,0.0,3
대진전자통신고등학교 해양쓰레기,125263,14.0,0.0,1
대진전자통신고등학교 해양쓰레기,125264,8.0,0.0,1
대진전자통신고등학교 해양쓰레기,125265,1.0,0.0,40
대진전자통신고등학교 해양쓰레기,125265,8.0,0.0,4
대진전자통신고등학교 해양쓰레기,125265,12.0,0.0,2
대진전자통신고등학교 해양쓰레기,125266,3.0,0.0,8
대진전자통신고등학교 해양쓰레기,125267,1.0,0.0,37
대진전자통신고등학교 해양쓰레기,125267,8.0,0.0,1
대진전자통신고등학교 해양쓰레기,125268,1.0,0.0,22
대진전자통신고등학교 해양쓰레기,125268,8.0,0.0,2
대진전자통신고등학교 해양쓰레기,125269,1.0,0.0,30
대진전자통신고등학교 해양쓰레기,125269,8.0,0.0,2
대진전자통신고등학교 해양쓰레기,125269,14.0,0.0,1
대진전자통신고등학교 해양쓰레기,125270,1.0,0.0,31
대진전자통신고등학교 해양쓰레기,125270,8.0,0.0,1
대진전자통신고등학교 해양쓰레기,125270,10.0,0.0,1
대진전자통신고등학교 해양쓰레기,125271,1.0,0.0,32
대진전자통신고등학교 해양쓰레기,125271,8.0,0.0,1
대진전자통신고등학교 해양쓰레기,125271,9.0,0.0,4
대진전자통신고등학교 해양쓰레기,125271,10.0,0.0,2
대진전자통신고등학교 해양쓰레기,125271,14.0,0.0,1
대진전자통신고등학교 해양쓰레기,125272,1.0,0.0,31
대진전자통신고등학교 해양쓰레기,125273,1.0,0.0,31
대진전자통신고등학교 해양쓰레기,125273,8.0,0.0,1
대진전자통신고등학교 해양쓰레기,125273,9.0,0.0,4
대진전자통신고등학교 해양쓰레기,125273,10.0,0.0,4
동국대학교사범대학부속영석고등학교 해양쓰레기,125276,1.0,0.0,42
동국대학교사범대학부속영석고등학교 해양쓰레기,125276,7.0,0.0,28
동국대학교사범대학부속영석고등학교 해양쓰레기,125276,8.0,0.0,1
동국대학교사범대학부속영석고등학교 해양쓰레기,125276,12.0,0.0,10
동국대학교사범대학부속영석고등학교 해양쓰레기,125276,14.0,0.0,2
동국대학교사범대학부속영석고등학교 해양쓰레기,125276,15.0,0.0,8
동국대학교사범대학부속영석고등학교 해양쓰레기,125277,1.0,0.0,105
동국대학교사범대학부속영석고등학교 해양쓰레기,125277,7.0,0.0,12
동국대학교사범대학부속영석고등학교 해양쓰레기,125277,8.0,0.0,3
동국대학교사범대학부속영석고등학교 해양쓰레기,125277,11.0,0.0,4
동국대학교사범대학부속영석고등학교 해양쓰레기,125278,1.0,0.0,37
동국대학교사범대학부속영석고등학교 해양쓰레기,125278,7.0,0.0,16
동국대학교사범대학부속영석고등학교 해양쓰레기,125278,8.0,0.0,3
동국대학교사범대학부속영석고등학교 해양쓰레기,125278,9.0,0.0,1
동국대학교사범대학부속영석고등학교 해양쓰레기,125278,11.0,0.0,1
동국대학교사범대학부속영석고등학교 해양쓰레기,125278,15.0,0.0,6
동국대학교사범대학부속영석고등학교 해양쓰레기,125279,1.0,0.0,149
동국대학교사범대학부속영석고등학교 해양쓰레기,125279,7.0,0.0,20
동국대학교사범대학부속영석고등학교 해양쓰레기,125279,8.0,0.0,1
동국대학교사범대학부속영석고등학교 해양쓰레기,125279,11.0,0.0,1
동국대학교사범대학부속영석고등학교 해양쓰레기,125279,12.0,0.0,2
동국대학교사범대학부속영석고등학교 해양쓰레기,125279,15.0,0.0,4
동국대학교사범대학부속영석고등학교 해양쓰레기,125280,5.0,0.0,3
동국대학교사범대학부속영석고등학교 해양쓰레기,125280,7.0,0.0,35
동국대학교사범대학부속영석고등학교 해양쓰레기,125280,8.0,0.0,1
동국대학교사범대학부속영석고등학교 해양쓰레기,125281,1.0,0.0,50
동국대학교사범대학부속영석고등학교 해양쓰레기,125281,7.0,0.0,12
동국대학교사범대학부속영석고등학교 해양쓰레기,125281,11.0,0.0,2
동국대학교사범대학부속영석고등학교 해양쓰레기,125281,12.0,0.0,2
동국대학교사범대학부속영석고등학교 해양쓰레기,125282,1.0,0.0,67
동국대학교사범대학부속영석고등학교 해양쓰레기,125282,2.0,0.0,13
동국대학교사범대학부속영석고등학교 해양쓰레기,125282,3.0,0.0,3
동국대학교사범대학부속영석고등학교 해양쓰레기,125282,4.0,0.0,21
동국대학교사범대학부속영석고등학교 해양쓰레기,125282,5.0,0.0,6
동국대학교사범대학부속영석고등학교 해양쓰레기,125282,7.0,0.0,25
동국대학교사범대학부속영석고등학교 해양쓰레기,125282,8.0,0.0,1
동국대학교사범대학부속영석고등학교 해양쓰레기,125282,12.0,0.0,2
미래산업과학고등학교 식량안보 1반,125065,4.0,0.0,25
미래산업과학고등학교 식량안보 1반,125066,1.0,0.0,5
미래산업과학고등학교 식량안보 1반,125066,2.0,0.0,5
미래산업과학고등학교 식량안보 1반,125066,3.0,0.0,61
미래산업과학고등학교 식량안보 1반,125066,4.0,0.0,96
미래산업과학고등학교 식량안보 1반,125067,1.0,0.0,14
미래산업과학고등학교 식량안보 1반,125067,2.0,0.0,8
미래산업과학고등학교 식량안보 1반,125067,3.0,0.0,23
미래산업과학고등학교 식량안보 1반,125067,4.0,0.0,20
미래산업과학고등학교 식량안보 1반,125067,7.0,0.0,8
미래산업과학고등학교 식량안보 1반,125067,12.0,0.0,8
미래산업과학고등학교 식량안보 1반,125067,13.0,0.0,2
미래산업과학고등학교 식량안보 1반,125068,1.0,0.0,24
미래산업과학고등학교 식량안보 1반,125068,2.0,0.0,6
미래산업과학고등학교 식량안보 1반,125068,3.0,0.0,2
미래산업과학고등학교 식량안보 1반,125068,4.0,0.0,23
미래산업과학고등학교 식량안보 1반,125069,1.0,0.0,5
미래산업과학고등학교 식량안보 1반,125069,2.0,0.0,5
미래산업과학고등학교 식량안보 1반,125069,3.0,0.0,14
미래산업과학고등학교 식량안보 1반,125069,4.0,0.0,30
미래산업과학고등학교 식량안보 1반,125069,7.0,0.0,22
미래산업과학고등학교 식량안보 1반,125069,8.0,0.0,1
미래산업과학고등학교 식량안보 1반,125070,1.0,0.0,12
미래산업과학고등학교 식량안보 1반,125070,3.0,0.0,5
미래산업과학고등학교 식량안보 1반,125070,4.0,0.0,18
미래산업과학고등학교 식량안보 1반,125070,7.0,0.0,4
미래산업과학고등학교 식량안보 1반,125071,1.0,0.0,29
미래산업과학고등학교 식량안보 1반,125071,2.0,0.0,5
미래산업과학고등학교 식량안보 1반,125071,3.0,0.0,4
미래산업과학고등학교 식량안보 1반,125071,4.0,0.0,26
미래산업과학고등학교 식량안보 1반,125071,5.0,0.0,1
미래산업과학고등학교 식량안보 1반,125071,7.0,0.0,3
미래산업과학고등학교 식량안보 1반,125072,1.0,0.0,4
미래산업과학고등학교 식량안보 1반,125072,2.0,0.0,5
미래산업과학고등학교 식량안보 1반,125072,3.0,0.0,4
미래산업과학고등학교 식량안보 1반,125072,7.0,0.0,15
미래산업과학고등학교 식량안보 1반,125072,8.0,0.0,6
미래산업과학고등학교 식량안보 1반,125072,9.0,0.0,2
미래산업과학고등학교 식량안보 1반,125072,12.0,0.0,4
미래산업과학고등학교 식량안보 1반,125073,1.0,0.0,4
미래산업과학고등학교 식량안보 1반,125073,2.0,0.0,5
미래산업과학고등학교 식량안보 1반,125073,3.0,0.0,3
미래산업과학고등학교 식량안보 1반,125073,4.0,0.0,31
미래산업과학고등학교 식량안보 1반,125073,7.0,0.0,2
미래산업과학고등학교 식량안보 1반,125074,1.0,0.0,4
미래산업과학고등학교 식량안보 1반,125074,2.0,0.0,5
미래산업과학고등학교 식량안보 1반,125074,3.0,0.0,5
미래산업과학고등학교 식량안보 1반,125075,1.0,0.0,4
미래산업과학고등학교 식량안보 1반,125075,2.0,0.0,37
미래산업과학고등학교 식량안보 1반,125075,3.0,0.0,3
미래산업과학고등학교 식량안보 1반,125075,4.0,0.0,15
미래산업과학고등학교 식량안보 1반,125076,1.0,0.0,4
미래산업과학고등학교 식량안보 1반,125076,2.0,0.0,5
미래산업과학고등학교 식량안보 1반,125076,3.0,0.0,3
미래산업과학고등학교 식량안보 1반,125076,4.0,0.0,18
미래산업과학고등학교 식량안보 1반,125076,5.0,0.0,1
미래산업과학고등학교 식량안보 1반,125077,1.0,0.0,17
미래산업과학고등학교 식량안보 1반,125077,2.0,0.0,5
미래산업과학고등학교 식량안보 1반,125077,3.0,0.0,37
미래산업과학고등학교 식량안보 1반,125077,4.0,0.0,23
미래산업과학고등학교 식량안보 1반,125077,7.0,0.0,4
미래산업과학고등학교 식량안보 1반,125077,9.0,0.0,1
미래산업과학고등학교 식량안보 1반,125078,1.0,0.0,4
미래산업과학고등학교 식량안보 1반,125078,2.0,0.0,4
미래산업과학고등학교 식량안보 1반,125078,3.0,0.0,2
미래산업과학고등학교 식량안보 1반,125078,4.0,0.0,18
미래산업과학고등학교 식량안보 1반,125078,6.0,0.0,1
미래산업과학고등학교 식량안보 1반,125079,1.0,0.0,6
미래산업과학고등학교 식량안보 1반,125079,2.0,0.0,6
미래산업과학고등학교 식량안보 1반,125079,3.0,0.0,4
미래산업과학고등학교 식량안보 1반,125079,4.0,0.0,87
미래산업과학고등학교 식량안보 1반,125079,7.0,0.0,2
미래산업과학고등학교 식량안보 1반,125079,12.0,0.0,4
미래산업과학고등학교 식량안보 1반,125079,13.0,0.0,16
미래산업과학고등학교 식량안보 1반,125080,1.0,0.0,7
미래산업과학고등학교 식량안보 1반,125080,2.0,0.0,13
미래산업과학고등학교 식량안보 1반,125080,3.0,0.0,13
미래산업과학고등학교 식량안보 1반,125080,4.0,0.0,27
미래산업과학고등학교 식량안보 1반,125081,1.0,0.0,4
미래산업과학고등학교 식량안보 1반,125081,2.0,0.0,5
미래산업과학고등학교 식량안보 1반,125081,3.0,0.0,4
미래산업과학고등학교 식량안보 1반,125081,4.0,0.0,18
미래산업과학고등학교 식량안보 1반,125081,5.0,0.0,1
미래산업과학고등학교 식량안보 1반,125081,7.0,0.0,4
미래산업과학고등학교 식량안보 1반,125081,8.0,0.0,10
미래산업과학고등학교 식량안보 1반,125081,9.0,0.0,1
미래산업과학고등학교 식량안보 1반,125082,1.0,0.0,10
미래산업과학고등학교 식량안보 1반,125082,2.0,0.0,5
미래산업과학고등학교 식량안보 1반,125082,3.0,0.0,9
미래산업과학고등학교 식량안보 1반,125082,4.0,0.0,18
미래산업과학고등학교 식량안보 1반,125082,7.0,0.0,10
미래산업과학고등학교 식량안보 2반,125046,1.0,0.0,2
미래산업과학고등학교 식량안보 2반,125046,2.0,0.0,5
미래산업과학고등학교 식량안보 2반,125046,3.0,0.0,52
미래산업과학고등학교 식량안보 2반,125046,9.0,0.0,3
미래산업과학고등학교 식량안보 2반,125047,1.0,0.0,4
미래산업과학고등학교 식량안보 2반,125047,2.0,0.0,3
미래산업과학고등학교 식량안보 2반,125047,3.0,0.0,1
미래산업과학고등학교 식량안보 2반,125047,4.0,0.0,25
미래산업과학고등학교 식량안보 2반,125047,5.0,0.0,3
미래산업과학고등학교 식량안보 2반,125047,6.0,0.0,1
미래산업과학고등학교 식량안보 2반,125047,7.0,0.0,5
미래산업과학고등학교 식량안보 2반,125047,8.0,0.0,1
미래산업과학고등학교 식량안보 2반,125047,9.0,0.0,1
미래산업과학고등학교 식량안보 2반,125047,11.0,0.0,1
미래산업과학고등학교 식량안보 2반,125048,1.0,0.0,2
미래산업과학고등학교 식량안보 2반,125048,2.0,0.0,7
미래산업과학고등학교 식량안보 2반,125048,3.0,0.0,1
미래산업과학고등학교 식량안보 2반,125048,4.0,0.0,7
미래산업과학고등학교 식량안보 2반,125048,9.0,0.0,2
미래산업과학고등학교 식량안보 2반,125049,5.0,0.0,1
미래산업과학고등학교 식량안보 2반,125049,7.0,0.0,14
미래산업과학고등학교 식량안보 2반,125049,12.0,0.0,16
미래산업과학고등학교 식량안보 2반,125050,1.0,0.0,12
미래산업과학고등학교 식량안보 2반,125050,2.0,0.0,1
미래산업과학고등학교 식량안보 2반,125050,4.0,0.0,4
미래산업과학고등학교 식량안보 2반,125050,5.0,0.0,3
미래산업과학고등학교 식량안보 2반,125050,7.0,0.0,1
미래산업과학고등학교 식량안보 2반,125050,9.0,0.0,1
미래산업과학고등학교 식량안보 2반,125050,12.0,0.0,2
미래산업과학고등학교 식량안보 2반,125051,1.0,0.0,2
미래산업과학고등학교 식량안보 2반,125051,2.0,0.0,9
미래산업과학고등학교 식량안보 2반,125051,3.0,0.0,1
미래산업과학고등학교 식량안보 2반,125051,4.0,0.0,20
미래산업과학고등학교 식량안보 2반,125051,5.0,0.0,1
미래산업과학고등학교 식량안보 2반,125051,7.0,0.0,1
미래산업과학고등학교 식량안보 2반,125051,8.0,0.0,1
미래산업과학고등학교 식량안보 2반,125051,9.0,0.0,1
미래산업과학고등학교 식량안보 2반,125051,13.0,0.0,4
미래산업과학고등학교 식량안보 2반,125052,1.0,0.0,2
미래산업과학고등학교 식량안보 2반,125052,2.0,0.0,4
미래산업과학고등학교 식량안보 2반,125052,3.0,0.0,1
미래산업과학고등학교 식량안보 2반,125052,4.0,0.0,13
미래산업과학고등학교 식량안보 2반,125052,8.0,0.0,12
미래산업과학고등학교 식량안보 2반,125052,9.0,0.0,3
미래산업과학고등학교 식량안보 2반,125052,12.0,0.0,8
미래산업과학고등학교 식량안보 2반,125053,1.0,0.0,6
미래산업과학고등학교 식량안보 2반,125053,2.0,0.0,6
미래산업과학고등학교 식량안보 2반,125053,3.0,0.0,9
미래산업과학고등학교 식량안보 2반,125053,4.0,0.0,15
미래산업과학고등학교 식량안보 2반,125054,2.0,0.0,1
미래산업과학고등학교 식량안보 2반,125054,3.0,0.0,1
미래산업과학고등학교 식량안보 2반,125054,4.0,0.0,83
미래산업과학고등학교 식량안보 2반,125054,6.0,0.0,1
미래산업과학고등학교 식량안보 2반,125055,1.0,0.0,7
미래산업과학고등학교 식량안보 2반,125055,3.0,0.0,2
미래산업과학고등학교 식량안보 2반,125055,4.0,0.0,8
미래산업과학고등학교 식량안보 2반,125055,7.0,0.0,4
미래산업과학고등학교 식량안보 2반,125056,1.0,0.0,18
미래산업과학고등학교 식량안보 2반,125056,2.0,0.0,1
미래산업과학고등학교 식량안보 2반,125056,3.0,0.0,3
미래산업과학고등학교 식량안보 2반,125056,4.0,0.0,7
미래산업과학고등학교 식량안보 2반,125056,13.0,0.0,1
미래산업과학고등학교 식량안보 2반,125056,14.0,0.0,4
미래산업과학고등학교 식량안보 2반,125057,1.0,0.0,8
미래산업과학고등학교 식량안보 2반,125057,2.0,0.0,1
미래산업과학고등학교 식량안보 2반,125057,3.0,0.0,1
미래산업과학고등학교 식량안보 2반,125057,4.0,0.0,11
미래산업과학고등학교 식량안보 2반,125057,9.0,0.0,1
미래산업과학고등학교 식량안보 2반,125058,3.0,0.0,19
미래산업과학고등학교 식량안보 2반,125058,4.0,0.0,51
미래산업과학고등학교 식량안보 2반,125058,5.0,0.0,2
미래산업과학고등학교 식량안보 2반,125059,1.0,0.0,16
미래산업과학고등학교 식량안보 2반,125059,2.0,0.0,29
미래산업과학고등학교 식량안보 2반,125059,3.0,0.0,3
미래산업과학고등학교 식량안보 2반,125059,4.0,0.0,7
미래산업과학고등학교 식량안보 2반,125059,5.0,0.0,2
미래산업과학고등학교 식량안보 2반,125059,6.0,0.0,1
미래산업과학고등학교 식량안보 2반,125059,7.0,0.0,7
미래산업과학고등학교 식량안보 2반,125059,9.0,0.0,6
미래산업과학고등학교 식량안보 2반,125059,10.0,0.0,1
미래산업과학고등학교 식량안보 2반,125059,12.0,0.0,2
미래산업과학고등학교 식량안보 2반,125059,13.0,0.0,4
미래산업과학고등학교 식량안보 2반,125060,1.0,0.0,4
미래산업과학고등학교 식량안보 2반,125060,3.0,0.0,12
미래산업과학고등학교 식량안보 2반,125060,4.0,0.0,8
미래산업과학고등학교 식량안보 2반,125060,5.0,0.0,1
미래산업과학고등학교 식량안보 2반,125060,7.0,0.0,4
미래산업과학고등학교 식량안보 2반,125060,9.0,0.0,2
미래산업과학고등학교 식량안보 2반,125060,13.0,0.0,1
미래산업과학고등학교 식량안보 2반,125061,1.0,0.0,5
미래산업과학고등학교 식량안보 2반,125061,4.0,0.0,2
미래산업과학고등학교 식량안보 2반,125061,5.0,0.0,2
미래산업과학고등학교 식량안보 2반,125061,9.0,0.0,1
미래산업과학고등학교 식량안보 2반,125062,1.0,0.0,12
미래산업과학고등학교 식량안보 2반,125062,2.0,0.0,1
미래산업과학고등학교 식량안보 2반,125062,3.0,0.0,1
미래산업과학고등학교 식량안보 2반,125062,4.0,0.0,5
미래산업과학고등학교 식량안보 2반,125062,7.0,0.0,4
미래산업과학고등학교 식량안보 2반,125062,8.0,0.0,1
미래산업과학고등학교 식량안보 2반,125062,9.0,0.0,2
미래산업과학고등학교 식량안보 2반,125062,13.0,0.0,2
미래산업과학고등학교 식량안보 2반,125062,14.0,0.0,2
미래산업과학고등학교 식량안보 2반,125063,4.0,0.0,16
미래산업과학고등학교 식량안보 2반,125064,1.0,0.0,14
미래산업과학고등학교 식량안보 2반,125064,2.0,0.0,151
미래산업과학고등학교 식량안보 2반,125064,3.0,0.0,14
미래산업과학고등학교 식량안보 2반,125064,4.0,0.0,7
미래산업과학고등학교 식량안보 2반,125064,7.0,0.0,9
미래산업과학고등학교 식량안보 2반,125064,9.0,0.0,3
미래산업과학고등학교 식량안보 2반,125064,13.0,0.0,2
미림마이스터고등학교 식량안보,125341,1.0,0.0,2
미림마이스터고등학교 식량안보,125341,2.0,0.0,1
미림마이스터고등학교 식량안보,125341,3.0,0.0,1
미림마이스터고등학교 식량안보,125341,4.0,0.0,1
미림마이스터고등학교 식량안보,125341,7.0,0.0,1
미림마이스터고등학교 식량안보,125341,9.0,0.0,4
미림마이스터고등학교 식량안보,125341,14.0,0.0,5
미림마이스터고등학교 식량안보,125342,1.0,0.0,22
미림마이스터고등학교 식량안보,125342,2.0,0.0,1
미림마이스터고등학교 식량안보,125342,5.0,0.0,1
미림마이스터고등학교 식량안보,125342,8.0,0.0,2
미림마이스터고등학교 식량안보,125342,9.0,0.0,12
미림마이스터고등학교 식량안보,125342,10.0,0.0,1
미림마이스터고등학교 식량안보,125342,13.0,0.0,2
미림마이스터고등학교 식량안보,125343,3.0,0.0,1
미림마이스터고등학교 식량안보,125343,4.0,0.0,3
미림마이스터고등학교 식량안보,125343,5.0,0.0,1
미림마이스터고등학교 식량안보,125343,6.0,0.0,2
미림마이스터고등학교 식량안보,125343,8.0,0.0,5
미림마이스터고등학교 식량안보,125343,9.0,0.0,4
미림마이스터고등학교 식량안보,125343,13.0,0.0,1
미림마이스터고등학교 식량안보,125344,1.0,0.0,2
미림마이스터고등학교 식량안보,125344,2.0,0.0,1
미림마이스터고등학교 식량안보,125344,3.0,0.0,1
미림마이스터고등학교 식량안보,125344,4.0,0.0,1
미림마이스터고등학교 식량안보,125344,8.0,0.0,3
미림마이스터고등학교 식량안보,125344,9.0,0.0,1
미림마이스터고등학교 식량안보,125344,13.0,0.0,7
미림마이스터고등학교 식량안보,125345,1.0,0.0,11
미림마이스터고등학교 식량안보,125345,3.0,0.0,1
미림마이스터고등학교 식량안보,125345,4.0,0.0,18
미림마이스터고등학교 식량안보,125345,6.0,0.0,1
미림마이스터고등학교 식량안보,125345,8.0,0.0,1
미림마이스터고등학교 식량안보,125345,9.0,0.0,2
미림마이스터고등학교 식량안보,125345,15.0,0.0,2
미림마이스터고등학교 식량안보,125346,1.0,0.0,15
미림마이스터고등학교 식량안보,125346,2.0,0.0,2
미림마이스터고등학교 식량안보,125346,3.0,0.0,2
미림마이스터고등학교 식량안보,125346,9.0,0.0,3
미림마이스터고등학교 식량안보,125346,10.0,0.0,2
미림마이스터고등학교 식량안보,125346,11.0,0.0,2
백마고등학교 식량안보,124387,1.0,0.0,63
백마고등학교 식량안보,124387,2.0,0.0,21
백마고등학교 식량안보,124387,3.0,0.0,34
백마고등학교 식량안보,124387,4.0,0.0,15
백마고등학교 식량안보,124387,5.0,0.0,2
백마고등학교 식량안보,124387,8.0,0.0,10
백마고등학교 식량안보,124387,9.0,0.0,6
백마고등학교 식량안보,124387,10.0,0.0,3
백마고등학교 식량안보,125351,1.0,0.0,3
백마고등학교 식량안보,125351,2.0,0.0,7
백마고등학교 식량안보,125351,3.0,0.0,1
백마고등학교 식량안보,125351,4.0,0.0,16
백마고등학교 식량안보,125351,8.0,0.0,1
백마고등학교 식량안보,125354,1.0,0.0,3
백마고등학교 식량안보,125354,2.0,0.0,17
백마고등학교 식량안보,125354,3.0,0.0,1
백마고등학교 식량안보,125354,4.0,0.0,10
백마고등학교 식량안보,125354,7.0,0.0,4
백마고등학교 식량안보,125355,1.0,0.0,3
백마고등학교 식량안보,125355,2.0,0.0,2
백마고등학교 식량안보,125355,3.0,0.0,1
백마고등학교 식량안보,125355,4.0,0.0,2
백마고등학교 식량안보,125355,6.0,0.0,2
백마고등학교 식량안보,125355,8.0,0.0,2
백마고등학교 식량안보,125355,11.0,0.0,2
백마고등학교 식량안보,125355,13.0,0.0,10
백마고등학교 식량안보,125355,14.0,0.0,10
백마고등학교 식량안보,125356,3.0,0.0,9
백마고등학교 식량안보,125356,4.0,0.0,11
백마고등학교 식량안보,125356,8.0,0.0,2
백마고등학교 식량안보,125356,14.0,0.0,1
백마고등학교 식량안보,125357,1.0,0.0,9
백마고등학교 식량안보,125357,3.0,0.0,1
백마고등학교 식량안보,125357,4.0,0.0,4
백마고등학교 식량안보,125357,6.0,0.0,1
백마고등학교 식량안보,125357,8.0,0.0,2
백마고등학교 식량안보,125357,11.0,0.0,6
백마고등학교 식량안보,125357,13.0,0.0,8
백마고등학교 식량안보,125357,14.0,0.0,10
백마고등학교 식량안보,125358,1.0,0.0,16
백마고등학교 식량안보,125358,2.0,0.0,1
백마고등학교 식량안보,125358,3.0,0.0,1
백마고등학교 식량안보,125358,4.0,0.0,6
백마고등학교 식량안보,125358,13.0,0.0,1
백마고등학교 식량안보,125358,14.0,0.0,1
백마고등학교 식량안보,125359,1.0,0.0,6
백마고등학교 식량안보,125359,3.0,0.0,1
백마고등학교 식량안보,125359,4.0,0.0,1
백마고등학교 식량안보,125359,14.0,0.0,6
백마고등학교 식량안보,125360,1.0,0.0,2
백마고등학교 식량안보,125360,2.0,0.0,22
백마고등학교 식량안보,125360,3.0,0.0,23
백마고등학교 식량안보,125360,4.0,0.0,1
백마고등학교 식량안보,125360,6.0,0.0,1
백마고등학교 식량안보,125360,7.0,0.0,3
백마고등학교 식량안보,125360,8.0,0.0,4
백마고등학교 식량안보,125360,12.0,0.0,2
백마고등학교 식량안보,125360,13.0,0.0,2
백마고등학교 식량안보,125360,15.0,0.0,2
백마고등학교 식량안보,125361,1.0,0.0,7
백마고등학교 식량안보,125361,2.0,0.0,12
백마고등학교 식량안보,125361,3.0,0.0,1
백마고등학교 식량안보,125361,4.0,0.0,5
백마고등학교 식량안보,125361,8.0,0.0,4
백마고등학교 식량안보,125361,11.0,0.0,7
백마고등학교 식량안보,125361,12.0,0.0,8
백마고등학교 식량안보,125361,13.0,0.0,3
백마고등학교 식량안보,125361,14.0,0.0,29
백마고등학교 식량안보,125362,1.0,0.0,12
백마고등학교 식량안보,125362,2.0,0.0,14
백마고등학교 식량안보,125362,3.0,0.0,1
백마고등학교 식량안보,125362,4.0,0.0,2
백마고등학교 식량안보,125362,7.0,0.0,2
백마고등학교 식량안보,125362,13.0,0.0,6
백마고등학교 식량안보,125362,14.0,0.0,4
백마고등학교 식량안보,125363,1.0,0.0,25
백마고등학교 식량안보,125363,3.0,0.0,9
백마고등학교 식량안보,125363,4.0,0.0,1
백마고등학교 식량안보,125363,12.0,0.0,6
백마고등학교 식량안보,125363,14.0,0.0,4
백마고등학교 식량안보,125364,1.0,0.0,1
백마고등학교 식량안보,125364,3.0,0.0,4
백마고등학교 식량안보,125364,4.0,0.0,3
백마고등학교 식량안보,125364,11.0,0.0,2
백마고등학교 식량안보,125364,13.0,0.0,2
백마고등학교 식량안보,125364,14.0,0.0,7
백마고등학교 식량안보,125365,1.0,0.0,15
백마고등학교 식량안보,125365,2.0,0.0,35
백마고등학교 식량안보,125365,3.0,0.0,4
백마고등학교 식량안보,125365,4.0,0.0,6
백마고등학교 식량안보,125365,7.0,0.0,16
백마고등학교 식량안보,125365,11.0,0.0,5
백마고등학교 식량안보,125365,12.0,0.0,2
백마고등학교 식량안보,125365,13.0,0.0,8
백마고등학교 식량안보,125365,14.0,0.0,20
백마고등학교 식량안보,126181,1.0,0.0,4
백마고등학교 식량안보,126181,2.0,0.0,8
백마고등학교 식량안보,126181,4.0,0.0,1
백마고등학교 식량안보,126181,7.0,0.0,2
백마고등학교 식량안보,126181,15.0,0.0,4
백마고등학교 식량안보,126182,1.0,0.0,2
백마고등학교 식량안보,126182,2.0,0.0,3
백마고등학교 식량안보,126182,3.0,0.0,45
백마고등학교 식량안보,126182,4.0,0.0,1
백마고등학교 식량안보,126182,8.0,0.0,1
백마고등학교 식량안보,126182,9.0,0.0,1
백마고등학교 식량안보,126182,14.0,0.0,2
백마고등학교 식량안보,126183,1.0,0.0,3
백마고등학교 식량안보,126183,2.0,0.0,15
백마고등학교 식량안보,126183,3.0,0.0,10
백마고등학교 식량안보,126183,4.0,0.0,77
백마고등학교 식량안보,126183,6.0,0.0,1
백마고등학교 식량안보,126183,7.0,0.0,2
백마고등학교 식량안보,126183,8.0,0.0,5
백마고등학교 식량안보,126184,2.0,0.0,2
백마고등학교 식량안보,126184,3.0,0.0,3
백마고등학교 식량안보,126184,4.0,0.0,9
백마고등학교 식량안보,126184,6.0,0.0,2
백마고등학교 식량안보,126184,11.0,0.0,2
백마고등학교 식량안보,126184,13.0,0.0,1
백마고등학교 식량안보,126184,14.0,0.0,2
백마고등학교 식량안보,126185,1.0,0.0,33
백마고등학교 식량안보,126185,2.0,0.0,1
백마고등학교 식량안보,126185,3.0,0.0,1
백마고등학교 식량안보,126185,4.0,0.0,1
백마고등학교 식량안보,126185,8.0,0.0,1
백마고등학교 식량안보,126185,12.0,0.0,2
백마고등학교 식량안보,126185,13.0,0.0,8
백마고등학교 식량안보,126185,14.0,0.0,6
복정고등학교 기후변화,127412,1.0,0.0,1
복정고등학교 기후변화,127412,2.0,0.0,2
복정고등학교 기후변화,127412,3.0,0.0,4
복정고등학교 기후변화,127412,4.0,0.0,2
복정고등학교 기후변화,127412,6.0,0.0,3
복정고등학교 기후변화,127413,4.0,0.0,8
복정고등학교 기후변화,127413,5.0,0.0,8
복정고등학교 기후변화,127413,9.0,0.0,3
복정고등학교 기후변화,127414,1.0,0.0,1
복정고등학교 기후변화,127414,2.0,0.0,2
복정고등학교 기후변화,127414,3.0,0.0,6
복정고등학교 기후변화,127414,4.0,0.0,1
복정고등학교 기후변화,127414,6.0,0.0,2
복정고등학교 기후변화,127414,7.0,0.0,3
복정고등학교 기후변화,127414,8.0,0.0,1
복정고등학교 기후변화,127414,10.0,0.0,5
복정고등학교 기후변화,127414,11.0,0.0,1
복정고등학교 기후변화,127415,1.0,0.0,6
복정고등학교 기후변화,127415,2.0,0.0,4
복정고등학교 기후변화,127415,3.0,0.0,5
복정고등학교 기후변화,127415,4.0,0.0,2
복정고등학교 기후변화,127415,9.0,0.0,3
복정고등학교 기후변화,127415,10.0,0.0,5
복정고등학교 기후변화,127415,11.0,0.0,10
복정고등학교 기후변화,127416,1.0,0.0,1
복정고등학교 기후변화,127416,2.0,0.0,4
복정고등학교 기후변화,127416,3.0,0.0,16
복정고등학교 기후변화,127416,4.0,0.0,2
복정고등학교 기후변화,127416,6.0,0.0,1
복정고등학교 기후변화,127416,7.0,0.0,1
복정고등학교 기후변화,127416,8.0,0.0,5
복정고등학교 기후변화,127416,9.0,0.0,1
복정고등학교 기후변화,127416,10.0,0.0,5
복정고등학교 기후변화,127416,11.0,0.0,11
산남고등학교 해양쓰레기,126311,1.0,0.0,12
산남고등학교 해양쓰레기,126311,11.0,0.0,1
산남고등학교 해양쓰레기,126311,13.0,0.0,16
산남고등학교 해양쓰레기,126312,10.0,0.0,2
산남고등학교 해양쓰레기,126313,10.0,0.0,1
산남고등학교 해양쓰레기,126313,11.0,0.0,7
산남고등학교 해양쓰레기,126313,13.0,0.0,13
산남고등학교 해양쓰레기,126313,14.0,0.0,3
산남고등학교 해양쓰레기,126314,1.0,0.0,14
산남고등학교 해양쓰레기,126314,10.0,0.0,1
산남고등학교 해양쓰레기,126314,11.0,0.0,5
산남고등학교 해양쓰레기,126314,13.0,0.0,6
산남고등학교 해양쓰레기,126315,2.0,0.0,13
산남고등학교 해양쓰레기,126316,2.0,0.0,2
산남고등학교 해양쓰레기,126316,10.0,0.0,1
산남고등학교 해양쓰레기,126318,1.0,0.0,10
상원고등학교 식량안보,126186,1.0,0.0,25
상원고등학교 식량안보,126186,2.0,0.0,22
상원고등학교 식량안보,126186,3.0,0.0,43
상원고등학교 식량안보,126186,4.0,0.0,50
상원고등학교 식량안보,126186,6.0,0.0,2
상원고등학교 식량안보,126186,7.0,0.0,2
상원고등학교 식량안보,126186,12.0,0.0,2
상원고등학교 식량안보,126187,1.0,0.0,24
상원고등학교 식량안보,126187,2.0,0.0,4
상원고등학교 식량안보,126187,3.0,0.0,1
상원고등학교 식량안보,126187,4.0,0.0,3
상원고등학교 식량안보,126187,10.0,0.0,1
상원고등학교 식량안보,126187,14.0,0.0,3
상원고등학교 식량안보,126187,15.0,0.0,10
상원고등학교 식량안보,126188,4.0,0.0,5
상원고등학교 식량안보,126188,6.0,0.0,1
상원고등학교 식량안보,126188,7.0,0.0,12
상원고등학교 식량안보,126188,8.0,0.0,1
상원고등학교 식량안보,126188,9.0,0.0,1
상원고등학교 식량안보,126188,12.0,0.0,6
상원고등학교 식량안보,126188,13.0,0.0,1
상원고등학교 식량안보,126188,14.0,0.0,3
상원고등학교 식량안보,126189,1.0,0.0,21
상원고등학교 식량안보,126189,2.0,0.0,46
상원고등학교 식량안보,126189,3.0,0.0,3
상원고등학교 식량안보,126189,4.0,0.0,81
상원고등학교 식량안보,126189,6.0,0.0,1
상원고등학교 식량안보,126189,7.0,0.0,6
상원고등학교 식량안보,126189,8.0,0.0,8
상원고등학교 식량안보,126189,9.0,0.0,1
상원고등학교 식량안보,126189,10.0,0.0,3
상원고등학교 식량안보,126189,13.0,0.0,2
상원고등학교 식량안보,126189,14.0,0.0,1
상원고등학교 식량안보,126190,1.0,0.0,49
상원고등학교 식량안보,126190,2.0,0.0,27
상원고등학교 식량안보,126190,3.0,0.0,19
상원고등학교 식량안보,126190,4.0,0.0,5
상원고등학교 식량안보,126190,8.0,0.0,1
상원고등학교 식량안보,126190,14.0,0.0,1
상원고등학교 식량안보,126191,6.0,0.0,1
상원고등학교 식량안보,126191,7.0,0.0,6
상원고등학교 식량안보,126191,12.0,0.0,2
상원고등학교 식량안보,126191,13.0,0.0,7
상원고등학교 식량안보,126191,14.0,0.0,3
상원고등학교 식량안보,126192,1.0,0.0,19
상원고등학교 식량안보,126192,2.0,0.0,1
상원고등학교 식량안보,126192,3.0,0.0,1
상원고등학교 식량안보,126192,4.0,0.0,6
상원고등학교 식량안보,126192,7.0,0.0,2
상원고등학교 식량안보,126192,8.0,0.0,9
상원고등학교 식량안보,126192,9.0,0.0,4
상원고등학교 식량안보,126192,14.0,0.0,14
상원고등학교 식량안보,126193,5.0,0.0,1
상원고등학교 식량안보,126193,14.0,0.0,4
상원고등학교 식량안보,126194,1.0,0.0,2
상원고등학교 식량안보,126194,3.0,0.0,2
상원고등학교 식량안보,126194,4.0,0.0,41
상원고등학교 식량안보,126194,10.0,0.0,1
상원고등학교 식량안보,126195,2.0,0.0,3
상원고등학교 식량안보,126195,4.0,0.0,2
상원고등학교 식량안보,126195,11.0,0.0,1
상원고등학교 식량안보,126195,12.0,0.0,4
상원고등학교 식량안보,126195,13.0,0.0,5
상원고등학교 식량안보,126195,14.0,0.0,1
상원고등학교 식량안보,126196,1.0,0.0,12
상원고등학교 식량안보,126196,2.0,0.0,28
상원고등학교 식량안보,126196,3.0,0.0,11
상원고등학교 식량안보,126196,4.0,0.0,1
상원고등학교 식량안보,126196,7.0,0.0,4
상원고등학교 식량안보,126197,1.0,0.0,30
상원고등학교 식량안보,126197,2.0,0.0,8
상원고등학교 식량안보,126197,3.0,0.0,3
상원고등학교 식량안보,126197,4.0,0.0,57
상원고등학교 식량안보,126197,6.0,0.0,3
상원고등학교 식량안보,126197,7.0,0.0,10
상원고등학교 식량안보,126197,8.0,0.0,2
상원고등학교 식량안보,126197,9.0,0.0,1
상원고등학교 식량안보,126197,14.0,0.0,4
상원고등학교 식량안보,126198,4.0,0.0,3
상원고등학교 식량안보,126198,5.0,0.0,1
상원고등학교 식량안보,126198,8.0,0.0,2
상원고등학교 식량안보,126198,10.0,0.0,1
상원고등학교 식량안보,126198,13.0,0.0,1
상원고등학교 식량안보,126198,14.0,0.0,1
상원고등학교 식량안보,126199,4.0,0.0,6
상원고등학교 식량안보,126199,5.0,0.0,1
상원고등학교 식량안보,126199,6.0,0.0,1
상원고등학교 식량안보,126199,10.0,0.0,3
상원고등학교 식량안보,126199,12.0,0.0,2
상원고등학교 식량안보,126199,13.0,0.0,6
상원고등학교 식량안보,126199,14.0,0.0,1
상일고등학교 해양쓰레기,134465,1.0,0.0,38
상일고등학교 해양쓰레기,134465,2.0,0.0,33
상일고등학교 해양쓰레기,134465,10.0,0.0,1
상일고등학교 해양쓰레기,134466,10.0,0.0,7
상일고등학교 해양쓰레기,134466,15.0,0.0,6
상일고등학교 해양쓰레기,134467,4.0,0.0,7
상일고등학교 해양쓰레기,134467,5.0,0.0,1
상일고등학교 해양쓰레기,134467,8.0,0.0,1
상일고등학교 해양쓰레기,134467,10.0,0.0,2
상일고등학교 해양쓰레기,134468,1.0,0.0,3
상일고등학교 해양쓰레기,134468,4.0,0.0,2
상일고등학교 해양쓰레기,134468,7.0,0.0,9
상일고등학교 해양쓰레기,134468,8.0,0.0,1
상일고등학교 해양쓰레기,134468,10.0,0.0,2
상일고등학교 해양쓰레기,134469,4.0,0.0,8
상일고등학교 해양쓰레기,134469,5.0,0.0,1
상일고등학교 해양쓰레기,134469,7.0,0.0,9
상일고등학교 해양쓰레기,134469,10.0,0.0,1
상일고등학교 해양쓰레기,134470,7.0,0.0,11
상일고등학교 해양쓰레기,134470,8.0,0.0,1
상일고등학교 해양쓰레기,134471,1.0,0.0,9
상일고등학교 해양쓰레기,134471,2.0,0.0,5
상일고등학교 해양쓰레기,134471,7.0,0.0,3
상일고등학교 해양쓰레기,134472,1.0,0.0,11
상일고등학교 해양쓰레기,134472,2.0,0.0,1
상일고등학교 해양쓰레기,134472,3.0,0.0,5
상일고등학교 해양쓰레기,134473,10.0,0.0,2
상일고등학교 해양쓰레기,134474,8.0,0.0,1
상일고등학교 해양쓰레기,134475,1.0,0.0,6
상일고등학교 해양쓰레기,134475,2.0,0.0,1
상일고등학교 해양쓰레기,134475,3.0,0.0,1
상일고등학교 해양쓰레기,134475,7.0,0.0,11
상일고등학교 해양쓰레기,134475,15.0,0.0,20
상일고등학교 해양쓰레기,134476,1.0,0.0,28
상일고등학교 해양쓰레기,134476,2.0,0.0,1
상일고등학교 해양쓰레기,134476,3.0,0.0,2
상일고등학교 해양쓰레기,134476,15.0,0.0,2
상일고등학교 해양쓰레기,134477,1.0,0.0,18
상일고등학교 해양쓰레기,134477,2.0,0.0,54
상일고등학교 해양쓰레기,134477,3.0,0.0,7
상일고등학교 해양쓰레기,134477,4.0,0.0,4
상일고등학교 해양쓰레기,134477,7.0,0.0,16
상일고등학교 해양쓰레기,134478,1.0,0.0,29
상일고등학교 해양쓰레기,134478,2.0,0.0,63
상일고등학교 해양쓰레기,134478,3.0,0.0,38
상일고등학교 해양쓰레기,134478,4.0,0.0,6
상일고등학교 해양쓰레기,134478,7.0,0.0,22
상일고등학교 해양쓰레기,134478,13.0,0.0,2
서귀포고등학교 식량안보,126211,7.0,0.0,9
서귀포고등학교 식량안보,126212,3.0,0.0,4
서귀포고등학교 식량안보,126212,6.0,0.0,2
서귀포고등학교 식량안보,126212,7.0,0.0,2
서귀포고등학교 식량안보,126212,14.0,0.0,1
서귀포고등학교 식량안보,126213,7.0,0.0,2
서귀포고등학교 식량안보,126214,4.0,0.0,1
서귀포고등학교 식량안보,126214,6.0,0.0,2
서귀포고등학교 식량안보,126215,3.0,0.0,31
서귀포고등학교 식량안보,126215,4.0,0.0,1
서귀포고등학교 식량안보,126215,5.0,0.0,1
서귀포고등학교 식량안보,126215,6.0,0.0,1
서귀포고등학교 식량안보,126215,7.0,0.0,3
서귀포고등학교 식량안보,126215,14.0,0.0,2
서귀포고등학교 식량안보,126216,5.0,0.0,1
서귀포고등학교 식량안보,126216,7.0,0.0,6
서귀포고등학교 식량안보,126217,7.0,0.0,6
서귀포고등학교 식량안보,126217,9.0,0.0,1
서귀포고등학교 식량안보,126217,10.0,0.0,1
서귀포고등학교 식량안보,126217,14.0,0.0,1
서귀포고등학교 식량안보,126218,4.0,0.0,3
서귀포고등학교 식량안보,126219,1.0,0.0,5
서귀포고등학교 식량안보,126219,3.0,0.0,3
서귀포고등학교 식량안보,126220,3.0,0.0,8
서귀포고등학교 식량안보,126220,5.0,0.0,2
서귀포고등학교 식량안보,126220,7.0,0.0,1
서귀포고등학교 식량안보,126221,3.0,0.0,11
서귀포고등학교 식량안보,126221,4.0,0.0,1
서귀포고등학교 식량안보,126221,5.0,0.0,2
서귀포고등학교 식량안보,126221,7.0,0.0,4
서귀포고등학교 식량안보,126221,10.0,0.0,15
서귀포고등학교 식량안보,126221,14.0,0.0,1
서귀포고등학교 식량안보,126222,3.0,0.0,8
서귀포고등학교 식량안보,126222,4.0,0.0,1
서귀포고등학교 식량안보,126222,7.0,0.0,6
서귀포고등학교 식량안보,126222,9.0,0.0,1
서귀포고등학교 식량안보,126222,10.0,0.0,1
서귀포고등학교 식량안보,126223,3.0,0.0,2
서귀포고등학교 식량안보,126223,5.0,0.0,1
서귀포고등학교 식량안보,126223,7.0,0.0,11
서귀포고등학교 식량안보,126223,10.0,0.0,1
서귀포고등학교 식량안보,126224,1.0,0.0,7
서귀포고등학교 식량안보,126224,3.0,0.0,2
서귀포고등학교 식량안보,126224,4.0,0.0,1
서귀포고등학교 식량안보,126224,7.0,0.0,8
서귀포고등학교 식량안보,126225,1.0,0.0,7
서귀포고등학교 식량안보,126225,2.0,0.0,2
서귀포고등학교 식량안보,126225,3.0,0.0,12
서귀포고등학교 식량안보,126225,4.0,0.0,20
서귀포고등학교 식량안보,126225,7.0,0.0,7
서귀포고등학교 해양쓰레기,126226,7.0,0.0,12
서귀포고등학교 해양쓰레기,126226,9.0,0.0,9
서귀포고등학교 해양쓰레기,126226,12.0,0.0,2
서귀포고등학교 해양쓰레기,126226,14.0,0.0,1
서귀포고등학교 해양쓰레기,126227,7.0,0.0,8
서귀포고등학교 해양쓰레기,126227,12.0,0.0,2
서귀포고등학교 해양쓰레기,126227,13.0,0.0,2
서귀포고등학교 해양쓰레기,126266,7.0,0.0,14
서귀포고등학교 해양쓰레기,126266,9.0,0.0,8
서귀포고등학교 해양쓰레기,126266,10.0,0.0,1
서귀포고등학교 해양쓰레기,126267,7.0,0.0,6
서귀포고등학교 해양쓰레기,126267,9.0,0.0,4
서귀포고등학교 해양쓰레기,126267,12.0,0.0,2
서귀포고등학교 해양쓰레기,126267,13.0,0.0,2
서귀포고등학교 해양쓰레기,126268,7.0,0.0,14
서귀포고등학교 해양쓰레기,126268,10.0,0.0,1
서귀포고등학교 해양쓰레기,126268,12.0,0.0,6
서귀포고등학교 해양쓰레기,126268,14.0,0.0,8
서귀포고등학교 해양쓰레기,126269,7.0,0.0,2
서귀포고등학교 해양쓰레기,126270,1.0,0.0,6
서귀포고등학교 해양쓰레기,126270,4.0,0.0,15
서귀포고등학교 해양쓰레기,126270,5.0,0.0,9
서귀포고등학교 해양쓰레기,126270,7.0,0.0,10
서귀포고등학교 해양쓰레기,126270,13.0,0.0,3
서귀포고등학교 해양쓰레기,126271,7.0,0.0,4
서귀포고등학교 해양쓰레기,126271,8.0,0.0,2
서귀포고등학교 해양쓰레기,126272,7.0,0.0,4
서귀포고등학교 해양쓰레기,126272,9.0,0.0,7
서귀포고등학교 해양쓰레기,126273,7.0,0.0,8
서귀포고등학교 해양쓰레기,126273,9.0,0.0,1
서귀포고등학교 해양쓰레기,126273,12.0,0.0,2
서귀포고등학교 해양쓰레기,126274,1.0,0.0,13
서귀포고등학교 해양쓰레기,126274,7.0,0.0,4
서귀포고등학교 해양쓰레기,126274,9.0,0.0,2
서귀포고등학교 해양쓰레기,126274,12.0,0.0,2
서귀포고등학교 해양쓰레기,126274,14.0,0.0,2
서귀포고등학교 해양쓰레기,126276,1.0,0.0,46
서귀포고등학교 해양쓰레기,126276,4.0,0.0,15
서귀포고등학교 해양쓰레기,126276,7.0,0.0,2
서귀포고등학교 해양쓰레기,126278,1.0,0.0,39
서귀포고등학교 해양쓰레기,126279,1.0,0.0,10
서귀포고등학교 해양쓰레기,126280,7.0,0.0,2
서귀포고등학교 해양쓰레기,126283,10.0,0.0,1
서령중학교 기후변화,127422,1.0,0.0,29
서령중학교 기후변화,127422,2.0,0.0,32
서령중학교 기후변화,127422,6.0,0.0,3
서령중학교 기후변화,127422,7.0,0.0,30
서령중학교 기후변화,127422,8.0,0.0,9
서령중학교 기후변화,127422,9.0,0.0,48
서령중학교 기후변화,127422,10.0,0.0,1
서령중학교 기후변화,127422,11.0,0.0,1
서령중학교 기후변화,127422,12.0,0.0,6
서령중학교 기후변화,127423,1.0,0.0,23
서령중학교 기후변화,127423,2.0,0.0,63
서령중학교 기후변화,127423,3.0,0.0,10
서령중학교 기후변화,127423,4.0,0.0,6
서령중학교 기후변화,127423,6.0,0.0,7
서령중학교 기후변화,127423,7.0,0.0,2
서령중학교 기후변화,127423,8.0,0.0,12
서령중학교 기후변화,127423,9.0,0.0,3
서령중학교 기후변화,127423,10.0,0.0,5
서령중학교 기후변화,127423,11.0,0.0,1
서령중학교 기후변화,127423,12.0,0.0,4
서령중학교 기후변화,127424,5.0,0.0,2
서령중학교 기후변화,127424,6.0,0.0,3
서령중학교 기후변화,127424,13.0,0.0,2
서령중학교 기후변화,127425,1.0,0.0,15
서령중학교 기후변화,127425,2.0,0.0,59
서령중학교 기후변화,127425,7.0,0.0,51
서령중학교 기후변화,127425,8.0,0.0,52
서령중학교 기후변화,127425,11.0,0.0,3
서령중학교 기후변화,127426,1.0,0.0,27
서령중학교 기후변화,127426,2.0,0.0,597
서령중학교 기후변화,127426,3.0,0.0,94
서령중학교 기후변화,127426,4.0,0.0,9
서령중학교 기후변화,127426,6.0,0.0,24
서령중학교 기후변화,127426,7.0,0.0,2
서령중학교 기후변화,127426,8.0,0.0,171
서령중학교 기후변화,127426,9.0,0.0,3
서령중학교 기후변화,127426,10.0,0.0,5
서령중학교 기후변화,127426,11.0,0.0,3
서령중학교 기후변화,127427,1.0,0.0,26
서령중학교 기후변화,127427,2.0,0.0,43
서령중학교 기후변화,127427,3.0,0.0,46
서령중학교 기후변화,127427,4.0,0.0,9
서령중학교 기후변화,127427,6.0,0.0,3
서령중학교 기후변화,127427,7.0,0.0,25
서령중학교 기후변화,127427,8.0,0.0,74
서령중학교 기후변화,127427,9.0,0.0,5
서령중학교 기후변화,127427,10.0,0.0,1
서령중학교 기후변화,127427,11.0,0.0,29
서령중학교 기후변화,127428,1.0,0.0,26
서령중학교 기후변화,127428,2.0,0.0,44
서령중학교 기후변화,127428,3.0,0.0,12
서령중학교 기후변화,127428,4.0,0.0,5
서령중학교 기후변화,127428,6.0,0.0,11
서령중학교 기후변화,127428,7.0,0.0,12
서령중학교 기후변화,127428,8.0,0.0,7
서령중학교 기후변화,127428,9.0,0.0,11
서령중학교 기후변화,127428,10.0,0.0,7
서령중학교 기후변화,127428,11.0,0.0,12
서령중학교 기후변화,127429,1.0,0.0,42
서령중학교 기후변화,127429,2.0,0.0,22
서령중학교 기후변화,127429,6.0,0.0,1
서령중학교 기후변화,127429,7.0,0.0,34
서령중학교 기후변화,127429,8.0,0.0,30
서령중학교 기후변화,127429,9.0,0.0,5
서령중학교 기후변화,127429,10.0,0.0,2
서령중학교 기후변화,127429,11.0,0.0,3
서령중학교 기후변화,127430,1.0,0.0,12
서령중학교 기후변화,127430,2.0,0.0,42
서령중학교 기후변화,127430,3.0,0.0,12
서령중학교 기후변화,127430,4.0,0.0,5
서령중학교 기후변화,127430,5.0,0.0,2
서령중학교 기후변화,127430,6.0,0.0,3
서령중학교 기후변화,127430,7.0,0.0,5
서령중학교 기후변화,127430,9.0,0.0,2
서령중학교 기후변화,127430,11.0,0.0,5
서령중학교 기후변화,127431,1.0,0.0,14
서령중학교 기후변화,127431,2.0,0.0,129
서령중학교 기후변화,127431,3.0,0.0,35
서령중학교 기후변화,127431,4.0,0.0,14
서령중학교 기후변화,127431,7.0,0.0,11
서령중학교 기후변화,127431,8.0,0.0,11
서령중학교 기후변화,127431,10.0,0.0,1
서령중학교 기후변화,127592,1.0,0.0,8
서령중학교 기후변화,127592,2.0,0.0,22
서령중학교 기후변화,127592,3.0,0.0,8
서령중학교 기후변화,127592,4.0,0.0,4
서령중학교 기후변화,127592,6.0,0.0,3
서령중학교 기후변화,127592,7.0,0.0,1
서령중학교 기후변화,127592,8.0,0.0,1
서령중학교 기후변화,127592,12.0,0.0,2
서령중학교 기후변화,127593,1.0,0.0,18
서령중학교 기후변화,127593,2.0,0.0,39
선덕고등학교 식량안보,127528,10.0,0.0,1
선덕고등학교 식량안보,127529,1.0,0.0,5
선덕고등학교 식량안보,127530,4.0,0.0,3
선덕고등학교 식량안보,127530,8.0,0.0,2
선덕고등학교 식량안보,127530,9.0,0.0,1
선덕고등학교 식량안보,127531,1.0,0.0,7
선덕고등학교 식량안보,127531,2.0,0.0,1
선덕고등학교 식량안보,127531,4.0,0.0,3
선덕고등학교 식량안보,127531,7.0,0.0,1
선덕고등학교 식량안보,127531,8.0,0.0,7
선덕고등학교 식량안보,127531,9.0,0.0,2
선덕고등학교 식량안보,127531,11.0,0.0,1
선덕고등학교 식량안보,127531,14.0,0.0,4
선덕고등학교 식량안보,127532,1.0,0.0,3
선덕고등학교 식량안보,127532,8.0,0.0,4
선덕고등학교 식량안보,127533,1.0,0.0,5
선덕고등학교 식량안보,127533,2.0,0.0,1
선덕고등학교 식량안보,127533,4.0,0.0,1
선덕고등학교 식량안보,127533,7.0,0.0,6
선덕고등학교 식량안보,127534,1.0,0.0,2
선덕고등학교 식량안보,127535,4.0,0.0,1
선덕고등학교 식량안보,127535,7.0,0.0,10
선덕고등학교 식량안보,127535,8.0,0.0,6
선덕고등학교 식량안보,127536,7.0,0.0,2
선덕고등학교 식량안보,127536,13.0,0.0,1
선덕고등학교 식량안보,127537,1.0,0.0,3
선덕고등학교 식량안보,127537,8.0,0.0,2
선덕고등학교 식량안보,127538,1.0,0.0,10
선덕고등학교 식량안보,127538,4.0,0.0,6
선덕고등학교 식량안보,127538,7.0,0.0,1
선덕고등학교 식량안보,127539,1.0,0.0,2
선덕고등학교 식량안보,127540,4.0,0.0,1
선덕고등학교 식량안보,127540,7.0,0.0,2
선덕고등학교 식량안보,127540,8.0,0.0,1
선덕고등학교 식량안보,127541,1.0,0.0,3
선덕고등학교 식량안보,127542,4.0,0.0,1
선덕고등학교 식량안보,127542,7.0,0.0,12
선덕고등학교 식량안보,127542,8.0,0.0,7
선덕고등학교 식량안보,127542,9.0,0.0,3
선덕고등학교 식량안보,127543,8.0,0.0,2
선덕고등학교 식량안보,127544,7.0,0.0,3
선덕고등학교 식량안보,127545,4.0,0.0,2
선덕고등학교 식량안보,127545,6.0,0.0,2
선덕고등학교 식량안보,127545,7.0,0.0,8
선덕고등학교 식량안보,127545,8.0,0.0,6
선덕고등학교 식량안보,127545,9.0,0.0,1
선덕고등학교 식량안보,127545,10.0,0.0,1
선덕고등학교 식량안보,127546,1.0,0.0,1
선덕고등학교 식량안보,127546,8.0,0.0,1
선덕고등학교 식량안보,127546,9.0,0.0,1
선덕고등학교 식량안보,127546,10.0,0.0,1
선덕고등학교 해양쓰레기,127547,1.0,0.0,4
선덕고등학교 해양쓰레기,127547,2.0,0.0,4
선덕고등학교 해양쓰레기,127547,7.0,0.0,16
선덕고등학교 해양쓰레기,127548,3.0,0.0,1
선덕고등학교 해양쓰레기,127549,1.0,0.0,11
선덕고등학교 해양쓰레기,127549,4.0,0.0,10
선덕고등학교 해양쓰레기,127550,1.0,0.0,15
선덕고등학교 해양쓰레기,127550,7.0,0.0,6
선덕고등학교 해양쓰레기,127551,7.0,0.0,20
선덕고등학교 해양쓰레기,127552,4.0,0.0,1
선덕고등학교 해양쓰레기,127552,8.0,0.0,3
선덕고등학교 해양쓰레기,127553,1.0,0.0,1
선덕고등학교 해양쓰레기,127553,7.0,0.0,2
선덕고등학교 해양쓰레기,127556,7.0,0.0,8
선덕고등학교 해양쓰레기,127557,1.0,0.0,3
선덕고등학교 해양쓰레기,127557,2.0,0.0,1
선덕고등학교 해양쓰레기,127557,3.0,0.0,5
선덕고등학교 해양쓰레기,127557,7.0,0.0,4
선덕고등학교 해양쓰레기,127558,4.0,0.0,2
선덕고등학교 해양쓰레기,127558,7.0,0.0,14
선덕고등학교 해양쓰레기,127558,8.0,0.0,2
선덕고등학교 해양쓰레기,127559,1.0,0.0,9
선덕고등학교 해양쓰레기,127559,4.0,0.0,4
선덕고등학교 해양쓰레기,127559,10.0,0.0,1
선덕고등학교 해양쓰레기,127560,4.0,0.0,1
선덕고등학교 해양쓰레기,127562,10.0,0.0,1
선덕고등학교 해양쓰레기,127563,1.0,0.0,4
선덕고등학교 해양쓰레기,127563,4.0,0.0,9
선덕고등학교 해양쓰레기,127563,7.0,0.0,2
선덕고등학교 해양쓰레기,127563,8.0,0.0,3
선덕고등학교 해양쓰레기,127563,10.0,0.0,1
선덕고등학교 해양쓰레기,127564,2.0,0.0,3
선덕고등학교 해양쓰레기,127564,3.0,0.0,21
선덕고등학교 해양쓰레기,127564,4.0,0.0,3
선덕고등학교 해양쓰레기,127564,10.0,0.0,1
선덕고등학교 해양쓰레기,127564,13.0,0.0,2
선덕고등학교 해양쓰레기,127565,4.0,0.0,1
선덕고등학교 해양쓰레기,127565,7.0,0.0,6
선덕고등학교 해양쓰레기,127565,8.0,0.0,3
선덕고등학교 해양쓰레기,127566,1.0,0.0,8
선덕고등학교 해양쓰레기,127566,8.0,0.0,1
성지여자고등학교 해양쓰레기,126241,1.0,0.0,4
성지여자고등학교 해양쓰레기,126241,3.0,0.0,5
성지여자고등학교 해양쓰레기,126241,7.0,0.0,12
성지여자고등학교 해양쓰레기,126241,8.0,0.0,2
성지여자고등학교 해양쓰레기,126241,12.0,0.0,4
성지여자고등학교 해양쓰레기,126242,1.0,0.0,8
성지여자고등학교 해양쓰레기,126242,2.0,0.0,9
성지여자고등학교 해양쓰레기,126242,3.0,0.0,6
성지여자고등학교 해양쓰레기,126242,4.0,0.0,4
성지여자고등학교 해양쓰레기,126242,5.0,0.0,3
성지여자고등학교 해양쓰레기,126242,7.0,0.0,8
성지여자고등학교 해양쓰레기,126242,12.0,0.0,4
성지여자고등학교 해양쓰레기,126243,1.0,0.0,8
성지여자고등학교 해양쓰레기,126243,3.0,0.0,5
성지여자고등학교 해양쓰레기,126243,5.0,0.0,2
성지여자고등학교 해양쓰레기,126243,7.0,0.0,9
성지여자고등학교 해양쓰레기,126244,1.0,0.0,5
성지여자고등학교 해양쓰레기,126244,7.0,0.0,25
성지여자고등학교 해양쓰레기,126244,8.0,0.0,1
성지여자고등학교 해양쓰레기,126245,1.0,0.0,4
성지여자고등학교 해양쓰레기,126245,2.0,0.0,1
성지여자고등학교 해양쓰레기,126245,9.0,0.0,1
성지여자고등학교 해양쓰레기,126246,2.0,0.0,1
성지여자고등학교 해양쓰레기,126247,1.0,0.0,11
성지여자고등학교 해양쓰레기,126247,2.0,0.0,1
성지여자고등학교 해양쓰레기,126247,3.0,0.0,1
성지여자고등학교 해양쓰레기,126247,5.0,0.0,1
성지여자고등학교 해양쓰레기,126247,8.0,0.0,1
성지여자고등학교 해양쓰레기,126247,9.0,0.0,1
성지여자고등학교 해양쓰레기,126247,10.0,0.0,3
성지여자고등학교 해양쓰레기,126247,13.0,0.0,2
성지여자고등학교 해양쓰레기,126248,1.0,0.0,15
성지여자고등학교 해양쓰레기,126248,2.0,0.0,1
성지여자고등학교 해양쓰레기,126248,5.0,0.0,2
성지여자고등학교 해양쓰레기,126248,7.0,0.0,8
세종고등학교 식량안보,134440,1.0,0.0,15
세종고등학교 식량안보,134441,1.0,0.0,22
세종고등학교 식량안보,134442,4.0,0.0,8
세종고등학교 식량안보,134442,6.0,0.0,1
세종고등학교 식량안보,134443,4.0,0.0,1
세종고등학교 식량안보,134444,1.0,0.0,18
세종고등학교 식량안보,134444,11.0,0.0,2
세종고등학교 식량안보,134445,1.0,0.0,15
세종고등학교 식량안보,134446,4.0,0.0,1
세종고등학교 식량안보,134448,1.0,0.0,13
세종고등학교 식량안보,134448,4.0,0.0,1
세종고등학교 식량안보,134449,1.0,0.0,5
세종고등학교 식량안보,134449,2.0,0.0,1
세종고등학교 식량안보,134450,1.0,0.0,38
세종고등학교 식량안보,134450,2.0,0.0,5
세종고등학교 식량안보,134450,3.0,0.0,1
세종고등학교 식량안보,134450,6.0,0.0,2
세종고등학교 식량안보,134452,1.0,0.0,5
세종고등학교 식량안보,134452,4.0,0.0,1
세종고등학교 식량안보,134453,6.0,0.0,1
세종고등학교 식량안보,134455,4.0,0.0,1
세종고등학교 식량안보,134455,5.0,0.0,1
세종고등학교 식량안보,134455,11.0,0.0,3
세종고등학교 식량안보,134456,1.0,0.0,12
세종고등학교 식량안보,134457,1.0,0.0,13
세종고등학교 식량안보,134459,1.0,0.0,20
세종고등학교 식량안보,134459,2.0,0.0,1
세종고등학교 식량안보,134461,1.0,0.0,13
수원공업고등학교 식량안보,125241,1.0,0.0,59
수원공업고등학교 식량안보,125241,2.0,0.0,52
수원공업고등학교 식량안보,125241,3.0,0.0,41
수원공업고등학교 식량안보,125241,4.0,0.0,60
수원공업고등학교 식량안보,125241,5.0,0.0,1
수원공업고등학교 식량안보,125241,7.0,0.0,1
수원공업고등학교 식량안보,125242,4.0,0.0,64
수원공업고등학교 식량안보,125242,5.0,0.0,3
수원공업고등학교 식량안보,125242,6.0,0.0,1
수원공업고등학교 식량안보,125242,7.0,0.0,8
수원공업고등학교 식량안보,125242,8.0,0.0,2
수원공업고등학교 식량안보,125243,4.0,0.0,41
수원공업고등학교 식량안보,125243,5.0,0.0,2
수원공업고등학교 식량안보,125243,6.0,0.0,1
수원공업고등학교 식량안보,125243,7.0,0.0,8
수원공업고등학교 식량안보,125244,1.0,0.0,14
수원공업고등학교 식량안보,125244,2.0,0.0,24
수원공업고등학교 식량안보,125244,3.0,0.0,13
수원공업고등학교 식량안보,125244,4.0,0.0,43
수원공업고등학교 식량안보,125244,7.0,0.0,12
수원공업고등학교 식량안보,125244,8.0,0.0,1
수원공업고등학교 식량안보,125244,12.0,0.0,2
수원공업고등학교 식량안보,125245,1.0,0.0,12
수원공업고등학교 식량안보,125245,2.0,0.0,1
수원공업고등학교 식량안보,125245,3.0,0.0,2
수원공업고등학교 식량안보,125246,1.0,0.0,26
수원공업고등학교 식량안보,125246,2.0,0.0,25
수원공업고등학교 식량안보,125246,3.0,0.0,12
수원공업고등학교 식량안보,125246,4.0,0.0,34
수원공업고등학교 식량안보,125246,7.0,0.0,10
수원공업고등학교 식량안보,125246,8.0,0.0,4
수원공업고등학교 식량안보,125246,13.0,0.0,7
수원공업고등학교 식량안보,125247,1.0,0.0,18
수원공업고등학교 식량안보,125247,2.0,0.0,6
수원공업고등학교 식량안보,125247,3.0,0.0,1
수원공업고등학교 식량안보,125247,4.0,0.0,7
수원공업고등학교 식량안보,125247,7.0,0.0,3
수원공업고등학교 식량안보,125248,1.0,0.0,27
수원공업고등학교 식량안보,125248,2.0,0.0,5
수원공업고등학교 식량안보,125248,3.0,0.0,24
수원공업고등학교 식량안보,125248,4.0,0.0,37
수원공업고등학교 식량안보,125248,7.0,0.0,5
수원공업고등학교 식량안보,125248,8.0,0.0,2
수원공업고등학교 식량안보,125248,13.0,0.0,2
수원공업고등학교 식량안보,125249,1.0,0.0,10
수원공업고등학교 식량안보,125249,3.0,0.0,3
수원공업고등학교 식량안보,125249,4.0,0.0,2
수원공업고등학교 식량안보,125249,7.0,0.0,1
수원공업고등학교 식량안보,125249,8.0,0.0,1
수원공업고등학교 식량안보,125249,12.0,0.0,6
수원공업고등학교 식량안보,125249,13.0,0.0,3
수원공업고등학교 식량안보,125250,1.0,0.0,5
수원공업고등학교 식량안보,125250,2.0,0.0,5
수원공업고등학교 식량안보,125250,3.0,0.0,3
수원공업고등학교 식량안보,125250,4.0,0.0,4
수원공업고등학교 식량안보,125250,5.0,0.0,1
수원공업고등학교 식량안보,125250,6.0,0.0,1
수원공업고등학교 식량안보,125250,7.0,0.0,2
수원공업고등학교 식량안보,125251,1.0,0.0,28
수원공업고등학교 식량안보,125251,2.0,0.0,1
수원공업고등학교 식량안보,125251,3.0,0.0,5
수원공업고등학교 식량안보,125251,4.0,0.0,6
수원공업고등학교 식량안보,125251,6.0,0.0,1
수원공업고등학교 식량안보,125251,7.0,0.0,4
수원공업고등학교 식량안보,125251,8.0,0.0,6
수원공업고등학교 식량안보,125251,9.0,0.0,3
수원공업고등학교 식량안보,125252,1.0,0.0,2
수원공업고등학교 식량안보,125252,2.0,0.0,2
수원공업고등학교 식량안보,125252,3.0,0.0,3
수원공업고등학교 식량안보,125253,1.0,0.0,6
수원공업고등학교 식량안보,125253,3.0,0.0,2
수원공업고등학교 식량안보,125255,1.0,0.0,3
수원공업고등학교 식량안보,125255,2.0,0.0,1
수원공업고등학교 식량안보,125255,3.0,0.0,1
수원공업고등학교 식량안보,125255,4.0,0.0,14
수원공업고등학교 식량안보,125255,7.0,0.0,2
신암중학교 기후변화,127432,3.0,0.0,20
신암중학교 기후변화,127432,4.0,0.0,7
신암중학교 기후변화,127432,5.0,0.0,4
신암중학교 기후변화,127432,8.0,0.0,14
신암중학교 기후변화,127432,9.0,0.0,12
신암중학교 기후변화,127432,10.0,0.0,2
신암중학교 기후변화,127432,12.0,0.0,12
신암중학교 기후변화,127432,13.0,0.0,3
신암중학교 기후변화,127432,14.0,0.0,8
신암중학교 기후변화,127432,15.0,0.0,6
신암중학교 기후변화,127433,1.0,0.0,7
신암중학교 기후변화,127433,2.0,0.0,39
신암중학교 기후변화,127433,3.0,0.0,27
신암중학교 기후변화,127433,4.0,0.0,11
신암중학교 기후변화,127433,6.0,0.0,9
신암중학교 기후변화,127433,7.0,0.0,3
신암중학교 기후변화,127433,8.0,0.0,43
신암중학교 기후변화,127433,9.0,0.0,9
신암중학교 기후변화,127433,10.0,0.0,23
신암중학교 기후변화,127433,11.0,0.0,31
신암중학교 기후변화,127434,1.0,0.0,2
신암중학교 기후변화,127434,2.0,0.0,27
신암중학교 기후변화,127434,3.0,0.0,76
신암중학교 기후변화,127434,4.0,0.0,12
신암중학교 기후변화,127434,5.0,0.0,6
신암중학교 기후변화,127434,8.0,0.0,30
신암중학교 기후변화,127434,9.0,0.0,11
신암중학교 기후변화,127434,10.0,0.0,12
신암중학교 기후변화,127434,11.0,0.0,17
신암중학교 기후변화,127434,12.0,0.0,20
신암중학교 기후변화,127434,13.0,0.0,4
신암중학교 기후변화,127435,2.0,0.0,98
신암중학교 기후변화,127435,3.0,0.0,8
신암중학교 기후변화,127435,8.0,0.0,49
신암중학교 기후변화,127435,9.0,0.0,35
신암중학교 기후변화,127435,10.0,0.0,41
신암중학교 기후변화,127435,11.0,0.0,1
신암중학교 기후변화,127436,4.0,0.0,7
신암중학교 기후변화,127436,12.0,0.0,4
신암중학교 기후변화,127437,4.0,0.0,17
신암중학교 기후변화,127437,6.0,0.0,17
신암중학교 기후변화,127437,8.0,0.0,34
신암중학교 기후변화,127437,9.0,0.0,18
신암중학교 기후변화,127437,10.0,0.0,2
신암중학교 기후변화,127438,1.0,0.0,1
신암중학교 기후변화,127438,2.0,0.0,11
신암중학교 기후변화,127438,4.0,0.0,5
신암중학교 기후변화,127439,1.0,0.0,5
신암중학교 기후변화,127439,2.0,0.0,3
신암중학교 기후변화,127439,3.0,0.0,14
신암중학교 기후변화,127439,4.0,0.0,51
신암중학교 기후변화,127439,8.0,0.0,2
신암중학교 기후변화,127439,12.0,0.0,2
신암중학교 기후변화,127440,1.0,0.0,5
신암중학교 기후변화,127440,2.0,0.0,9
신암중학교 기후변화,127440,3.0,0.0,23
신암중학교 기후변화,127440,4.0,0.0,10
신암중학교 기후변화,127440,5.0,0.0,2
신암중학교 기후변화,127440,6.0,0.0,2
신암중학교 기후변화,127440,7.0,0.0,2
신암중학교 기후변화,127440,12.0,0.0,2
신암중학교 기후변화,127440,15.0,0.0,2
신암중학교 기후변화,127441,1.0,0.0,28
신암중학교 기후변화,127441,2.0,0.0,41
신암중학교 기후변화,127441,3.0,0.0,46
신암중학교 기후변화,127441,4.0,0.0,12
신암중학교 기후변화,127441,7.0,0.0,7
신암중학교 기후변화,127441,8.0,0.0,2
신암중학교 기후변화,127441,12.0,0.0,6
신암중학교 기후변화,127441,15.0,0.0,2
신암중학교 기후변화,127442,2.0,0.0,3
신암중학교 기후변화,127442,3.0,0.0,21
신암중학교 기후변화,127442,4.0,0.0,3
신암중학교 기후변화,127443,1.0,0.0,15
신암중학교 기후변화,127443,2.0,0.0,26
신암중학교 기후변화,127443,3.0,0.0,10
신암중학교 기후변화,127443,4.0,0.0,3
신암중학교 기후변화,127443,6.0,0.0,5
신암중학교 기후변화,127443,7.0,0.0,4
신암중학교 기후변화,127443,8.0,0.0,2
신암중학교 기후변화,127443,9.0,0.0,1
신암중학교 기후변화,127443,10.0,0.0,4
신암중학교 기후변화,127443,11.0,0.0,1
신암중학교 기후변화,127444,1.0,0.0,6
신암중학교 기후변화,127444,2.0,0.0,20
신암중학교 기후변화,127444,3.0,0.0,11
신암중학교 기후변화,127444,4.0,0.0,1
신암중학교 기후변화,127444,6.0,0.0,1
신암중학교 기후변화,127444,7.0,0.0,2
신암중학교 기후변화,127444,8.0,0.0,2
신암중학교 기후변화,127444,9.0,0.0,1
신암중학교 기후변화,127444,10.0,0.0,3
신암중학교 기후변화,127444,11.0,0.0,2
신암중학교 기후변화,127444,14.0,0.0,2
신암중학교 기후변화,127445,1.0,0.0,5
신암중학교 기후변화,127445,2.0,0.0,94
신암중학교 기후변화,127445,3.0,0.0,55
신암중학교 기후변화,127445,4.0,0.0,7
신암중학교 기후변화,127445,5.0,0.0,2
신암중학교 기후변화,127445,6.0,0.0,2
신암중학교 기후변화,127445,7.0,0.0,2
신암중학교 기후변화,127445,8.0,0.0,15
신암중학교 기후변화,127445,9.0,0.0,9
신암중학교 기후변화,127445,10.0,0.0,18
신암중학교 기후변화,127445,11.0,0.0,4
신암중학교 기후변화,127445,12.0,0.0,16
신정고등학교 기후변화,127447,1.0,0.0,20
신정고등학교 기후변화,127447,3.0,0.0,68
신정고등학교 기후변화,127447,4.0,0.0,8
신정고등학교 기후변화,127448,2.0,0.0,44
신정고등학교 기후변화,127448,3.0,0.0,12
신정고등학교 기후변화,127448,4.0,0.0,1
신정고등학교 기후변화,127448,10.0,0.0,1
신정고등학교 기후변화,127448,11.0,0.0,16
신정고등학교 기후변화,127449,1.0,0.0,35
신정고등학교 기후변화,127449,2.0,0.0,68
신정고등학교 기후변화,127449,3.0,0.0,19
신정고등학교 기후변화,127449,4.0,0.0,74
신정고등학교 기후변화,127450,1.0,0.0,1
신정고등학교 기후변화,127450,2.0,0.0,13
신정고등학교 기후변화,127450,3.0,0.0,5
신정고등학교 기후변화,127450,4.0,0.0,5
신정고등학교 기후변화,127450,10.0,0.0,3
신정고등학교 기후변화,127451,1.0,0.0,2
신정고등학교 기후변화,127451,2.0,0.0,41
신정고등학교 기후변화,127451,3.0,0.0,16
신정고등학교 기후변화,127451,4.0,0.0,7
신정고등학교 기후변화,127451,8.0,0.0,4
신정고등학교 기후변화,127451,10.0,0.0,1
신정고등학교 기후변화,127452,1.0,0.0,13
신정고등학교 기후변화,127452,2.0,0.0,203
신정고등학교 기후변화,127452,3.0,0.0,48
신정고등학교 기후변화,127452,4.0,0.0,25
신정고등학교 기후변화,127452,12.0,0.0,10
신정고등학교 기후변화,127453,1.0,0.0,13
신정고등학교 기후변화,127453,2.0,0.0,141
신정고등학교 기후변화,127453,3.0,0.0,143
신정고등학교 기후변화,127453,4.0,0.0,154
신정고등학교 기후변화,127453,12.0,0.0,24
신정고등학교 기후변화,127454,1.0,0.0,1
신정고등학교 기후변화,127454,2.0,0.0,43
신정고등학교 기후변화,127454,3.0,0.0,13
신정고등학교 기후변화,127454,4.0,0.0,2
신정고등학교 기후변화,127455,1.0,0.0,5
신정고등학교 기후변화,127455,2.0,0.0,15
신정고등학교 기후변화,127455,3.0,0.0,3
신정고등학교 기후변화,127455,4.0,0.0,1
신정고등학교 기후변화,127455,10.0,0.0,2
신정고등학교 기후변화,127455,12.0,0.0,2
신정고등학교 기후변화,127456,1.0,0.0,1
신정고등학교 기후변화,127456,2.0,0.0,57
신정고등학교 기후변화,127456,3.0,0.0,19
신정고등학교 기후변화,127456,4.0,0.0,1
신정고등학교 기후변화,127456,10.0,0.0,21
신정고등학교 기후변화,127457,1.0,0.0,63
신정고등학교 기후변화,127457,2.0,0.0,5
신정고등학교 기후변화,127457,3.0,0.0,5
신정고등학교 기후변화,127457,4.0,0.0,7
신정고등학교 기후변화,127458,1.0,0.0,1
신정고등학교 기후변화,127458,2.0,0.0,25
신정고등학교 기후변화,127458,3.0,0.0,13
신정고등학교 기후변화,127458,4.0,0.0,9
신정고등학교 기후변화,127458,8.0,0.0,2
신정고등학교 기후변화,127458,10.0,0.0,4
신정고등학교 기후변화,127458,12.0,0.0,2
신정고등학교 기후변화,127459,1.0,0.0,15
신정고등학교 기후변화,127459,2.0,0.0,11
신정고등학교 기후변화,127459,3.0,0.0,4
신정고등학교 기후변화,127459,4.0,0.0,1
신정고등학교 기후변화,127460,1.0,0.0,11
신정고등학교 기후변화,127460,2.0,0.0,12
신정고등학교 기후변화,127460,3.0,0.0,9
신정고등학교 기후변화,127460,4.0,0.0,1
신정고등학교 기후변화,127460,8.0,0.0,1
신정고등학교 기후변화,127460,10.0,0.0,1
신정고등학교 기후변화,127460,11.0,0.0,2
신정고등학교 기후변화,127461,1.0,0.0,18
신정고등학교 기후변화,127461,2.0,0.0,5
신정고등학교 기후변화,127461,3.0,0.0,3
신정고등학교 기후변화,127461,4.0,0.0,2
신정고등학교 기후변화,127461,8.0,0.0,1
신정고등학교 기후변화,127461,10.0,0.0,1
신정고등학교 기후변화,127461,11.0,0.0,1
신정고등학교 기후변화,127462,1.0,0.0,5
신정고등학교 기후변화,127462,2.0,0.0,7
신정고등학교 기후변화,127462,3.0,0.0,24
신정고등학교 기후변화,127462,4.0,0.0,1
신정고등학교 기후변화,127462,10.0,0.0,1
신정고등학교 기후변화,127463,1.0,0.0,7
신정고등학교 기후변화,127463,2.0,0.0,5
신정고등학교 기후변화,127463,4.0,0.0,31
신정고등학교 기후변화,127464,1.0,0.0,16
신정고등학교 기후변화,127464,2.0,0.0,14
신정고등학교 기후변화,127464,3.0,0.0,9
신정고등학교 기후변화,127464,4.0,0.0,33
신정고등학교 기후변화,127464,10.0,0.0,22
엘리스학교 해양쓰레기,126341,3.0,0.0,3
엘리스학교 해양쓰레기,126341,4.0,0.0,13
엘리스학교 해양쓰레기,126341,5.0,0.0,10
엘리스학교 해양쓰레기,126341,7.0,0.0,3
엘리스학교 해양쓰레기,126341,8.0,0.0,1
엘리스학교 해양쓰레기,126342,7.0,0.0,10
엘리스학교 해양쓰레기,126342,9.0,0.0,1
엘리스학교 해양쓰레기,126343,7.0,0.0,10
엘리스학교 해양쓰레기,126343,8.0,0.0,1
엘리스학교 해양쓰레기,126344,3.0,0.0,37
엘리스학교 해양쓰레기,126344,4.0,0.0,6
엘리스학교 해양쓰레기,126344,7.0,0.0,15
엘리스학교 해양쓰레기,126344,8.0,0.0,10
엘리스학교 해양쓰레기,126344,9.0,0.0,1
엘리스학교 해양쓰레기,126345,3.0,0.0,15
엘리스학교 해양쓰레기,126345,4.0,0.0,17
엘리스학교 해양쓰레기,126345,7.0,0.0,10
엘리스학교 해양쓰레기,126345,8.0,0.0,2
엘리스학교 해양쓰레기,126347,3.0,0.0,3
엘리스학교 해양쓰레기,126347,4.0,0.0,9
엘리스학교 해양쓰레기,126348,4.0,0.0,4
엘리스학교 해양쓰레기,126348,7.0,0.0,4
엘리스학교 해양쓰레기,126348,8.0,0.0,2
엘리스학교 해양쓰레기,126348,10.0,0.0,1
엘리스학교 해양쓰레기,126348,12.0,0.0,2
엘리스학교 해양쓰레기,126350,5.0,0.0,1
엘리스학교 해양쓰레기,126350,8.0,0.0,3
영동중학교 해양쓰레기,126406,4.0,0.0,8
영동중학교 해양쓰레기,126406,7.0,0.0,34
영동중학교 해양쓰레기,126406,10.0,0.0,1
영동중학교 해양쓰레기,126406,12.0,0.0,4
영동중학교 해양쓰레기,126406,13.0,0.0,18
영동중학교 해양쓰레기,126406,14.0,0.0,22
영동중학교 해양쓰레기,126406,15.0,0.0,6
영동중학교 해양쓰레기,126407,3.0,0.0,8
영동중학교 해양쓰레기,126407,7.0,0.0,20
영동중학교 해양쓰레기,126407,8.0,0.0,9
영동중학교 해양쓰레기,126407,9.0,0.0,1
영동중학교 해양쓰레기,126407,10.0,0.0,1
영동중학교 해양쓰레기,126407,12.0,0.0,12
영동중학교 해양쓰레기,126407,13.0,0.0,9
영동중학교 해양쓰레기,126407,14.0,0.0,4
영동중학교 해양쓰레기,126407,15.0,0.0,4
영동중학교 해양쓰레기,126409,8.0,0.0,1
영동중학교 해양쓰레기,126409,12.0,0.0,2
영동중학교 해양쓰레기,126409,13.0,0.0,16
영동중학교 해양쓰레기,126409,14.0,0.0,1
영동중학교 해양쓰레기,126410,1.0,0.0,24
영동중학교 해양쓰레기,126410,2.0,0.0,6
영동중학교 해양쓰레기,126410,7.0,0.0,16
영동중학교 해양쓰레기,126410,8.0,0.0,2
영동중학교 해양쓰레기,126410,12.0,0.0,2
영동중학교 해양쓰레기,126411,1.0,0.0,55
영동중학교 해양쓰레기,126411,7.0,0.0,29
영동중학교 해양쓰레기,126411,8.0,0.0,4
영동중학교 해양쓰레기,126411,9.0,0.0,5
영동중학교 해양쓰레기,126411,10.0,0.0,1
영동중학교 해양쓰레기,126411,12.0,0.0,8
영동중학교 해양쓰레기,126411,14.0,0.0,1
영동중학교 해양쓰레기,126412,7.0,0.0,14
영동중학교 해양쓰레기,126412,8.0,0.0,2
영동중학교 해양쓰레기,126412,9.0,0.0,3
영동중학교 해양쓰레기,126412,12.0,0.0,6
영동중학교 해양쓰레기,126412,13.0,0.0,2
영동중학교 해양쓰레기,126412,14.0,0.0,10
영동중학교 해양쓰레기,126414,1.0,0.0,11
영동중학교 해양쓰레기,126414,2.0,0.0,5
영동중학교 해양쓰레기,126414,3.0,0.0,3
영동중학교 해양쓰레기,126414,7.0,0.0,29
영동중학교 해양쓰레기,126415,4.0,0.0,4
영동중학교 해양쓰레기,126415,7.0,0.0,32
영동중학교 해양쓰레기,126415,12.0,0.0,8
영동중학교 해양쓰레기,126415,13.0,0.0,6
영동중학교 해양쓰레기,126415,14.0,0.0,2
영동중학교 해양쓰레기,126415,15.0,0.0,2
영동중학교 해양쓰레기,126416,4.0,0.0,3
영동중학교 해양쓰레기,126416,7.0,0.0,6
영동중학교 해양쓰레기,126416,8.0,0.0,4
영동중학교 해양쓰레기,126416,12.0,0.0,2
영동중학교 해양쓰레기,126416,13.0,0.0,1
영동중학교 해양쓰레기,126417,1.0,0.0,38
영동중학교 해양쓰레기,126417,3.0,0.0,1
영동중학교 해양쓰레기,126417,4.0,0.0,277
영동중학교 해양쓰레기,126417,7.0,0.0,32
영동중학교 해양쓰레기,126417,12.0,0.0,2
영동중학교 해양쓰레기,126417,13.0,0.0,3
영동중학교 해양쓰레기,126417,14.0,0.0,1
영동중학교 해양쓰레기,127559,1.0,0.0,9
영동중학교 해양쓰레기,127559,4.0,0.0,4
영동중학교 해양쓰레기,127559,10.0,0.0,1
영등포고등학교 식량안보,123579,1.0,0.0,1
영등포고등학교 식량안보,123579,4.0,0.0,1
영등포고등학교 식량안보,123579,7.0,0.0,24
영등포고등학교 식량안보,123579,8.0,0.0,4
영등포고등학교 식량안보,123579,12.0,0.0,12
영등포고등학교 식량안보,123580,1.0,0.0,43
영등포고등학교 식량안보,123580,2.0,0.0,9
영등포고등학교 식량안보,123580,3.0,0.0,5
영등포고등학교 식량안보,123580,4.0,0.0,5
영등포고등학교 식량안보,123580,7.0,0.0,2
영등포고등학교 식량안보,123580,13.0,0.0,1
영등포고등학교 식량안보,123581,4.0,0.0,1
영등포고등학교 식량안보,123581,7.0,0.0,13
영등포고등학교 식량안보,123581,12.0,0.0,2
영등포고등학교 식량안보,123582,1.0,0.0,7
영등포고등학교 식량안보,123582,2.0,0.0,2
영등포고등학교 식량안보,123582,3.0,0.0,14
영등포고등학교 식량안보,123582,4.0,0.0,4
영등포고등학교 식량안보,123582,8.0,0.0,1
영등포고등학교 식량안보,123584,1.0,0.0,7
영등포고등학교 식량안보,123584,2.0,0.0,1
영등포고등학교 식량안보,123584,3.0,0.0,33
영등포고등학교 식량안보,123584,4.0,0.0,41
영등포고등학교 식량안보,123585,1.0,0.0,23
영등포고등학교 식량안보,123585,2.0,0.0,276
영등포고등학교 식량안보,123585,3.0,0.0,66
영등포고등학교 식량안보,123585,8.0,0.0,1
영등포고등학교 식량안보,123585,13.0,0.0,1
영등포고등학교 식량안보,123587,3.0,0.0,2
영등포고등학교 식량안보,123587,7.0,0.0,2
영등포고등학교 식량안보,123588,3.0,0.0,1
영등포고등학교 해양쓰레기,126296,8.0,0.0,17
영등포고등학교 해양쓰레기,126297,8.0,0.0,1
영등포고등학교 해양쓰레기,126297,12.0,0.0,2
영등포고등학교 해양쓰레기,126299,8.0,0.0,9
영등포고등학교 해양쓰레기,126301,8.0,0.0,1
영등포고등학교 해양쓰레기,126302,8.0,0.0,16
영등포고등학교 해양쓰레기,126303,9.0,0.0,1
영등포고등학교 해양쓰레기,126304,5.0,0.0,2
영등포고등학교 해양쓰레기,126304,8.0,0.0,1
영등포고등학교 해양쓰레기,126305,8.0,0.0,6
영등포고등학교 해양쓰레기,126306,8.0,0.0,3
예당고등학교 기후변화,142679,1.0,0.0,3
예당고등학교 기후변화,142679,2.0,0.0,42
예당고등학교 기후변화,142679,3.0,0.0,19
예당고등학교 기후변화,142679,6.0,0.0,1
예당고등학교 기후변화,142679,7.0,0.0,4
예당고등학교 기후변화,142679,8.0,0.0,4
예당고등학교 기후변화,142679,9.0,0.0,1
예당고등학교 기후변화,142679,10.0,0.0,2
예당고등학교 기후변화,142679,11.0,0.0,1
예당고등학교 기후변화,142680,1.0,0.0,3
예당고등학교 기후변화,142680,2.0,0.0,27
예당고등학교 기후변화,142680,3.0,0.0,30
예당고등학교 기후변화,142680,4.0,0.0,5
예당고등학교 기후변화,142680,6.0,0.0,23
예당고등학교 기후변화,142680,7.0,0.0,6
예당고등학교 기후변화,142680,8.0,0.0,2
예당고등학교 기후변화,142680,9.0,0.0,1
예당고등학교 기후변화,142680,10.0,0.0,4
예당고등학교 기후변화,142680,11.0,0.0,1
예당고등학교 기후변화,142681,1.0,0.0,9
예당고등학교 기후변화,142681,2.0,0.0,52
예당고등학교 기후변화,142681,3.0,0.0,17
예당고등학교 기후변화,142681,4.0,0.0,5
예당고등학교 기후변화,142682,1.0,0.0,11
예당고등학교 기후변화,142682,2.0,0.0,141
예당고등학교 기후변화,142682,3.0,0.0,154
예당고등학교 기후변화,142682,4.0,0.0,20
예당고등학교 기후변화,142682,6.0,0.0,2
예당고등학교 기후변화,142682,7.0,0.0,29
예당고등학교 기후변화,142682,8.0,0.0,81
예당고등학교 기후변화,142682,9.0,0.0,86
예당고등학교 기후변화,142682,10.0,0.0,22
예당고등학교 기후변화,142683,1.0,0.0,45
예당고등학교 기후변화,142683,2.0,0.0,159
예당고등학교 기후변화,142683,3.0,0.0,21
예당고등학교 기후변화,142683,4.0,0.0,26
예당고등학교 기후변화,142683,6.0,0.0,2
예당고등학교 기후변화,142683,7.0,0.0,14
예당고등학교 기후변화,142683,8.0,0.0,28
예당고등학교 기후변화,142683,9.0,0.0,19
예당고등학교 기후변화,142683,10.0,0.0,31
예산고등학교 식량안보,125284,1.0,0.0,6
예산고등학교 식량안보,125284,8.0,0.0,4
예산고등학교 식량안보,125284,9.0,0.0,2
예산고등학교 식량안보,125284,11.0,0.0,1
예산고등학교 식량안보,125285,1.0,0.0,21
예산고등학교 식량안보,125285,12.0,0.0,8
예산고등학교 식량안보,125285,14.0,0.0,2
예산고등학교 식량안보,125286,1.0,0.0,7
예산고등학교 식량안보,125286,2.0,0.0,1
예산고등학교 식량안보,125286,3.0,0.0,17
예산고등학교 식량안보,125286,4.0,0.0,2
예산고등학교 식량안보,125286,8.0,0.0,3
예산고등학교 식량안보,125286,9.0,0.0,1
예산고등학교 식량안보,125286,14.0,0.0,11
예산고등학교 식량안보,125287,1.0,0.0,2
예산고등학교 식량안보,125287,2.0,0.0,8
예산고등학교 식량안보,125287,3.0,0.0,2
예산고등학교 식량안보,125287,7.0,0.0,2
예산고등학교 식량안보,125287,8.0,0.0,3
예산고등학교 식량안보,125288,1.0,0.0,11
예산고등학교 식량안보,125288,2.0,0.0,11
예산고등학교 식량안보,125288,3.0,0.0,1
예산고등학교 식량안보,125288,4.0,0.0,12
예산고등학교 식량안보,125288,8.0,0.0,4
예산고등학교 식량안보,125288,9.0,0.0,6
예산고등학교 식량안보,125288,10.0,0.0,4
예산고등학교 식량안보,125288,11.0,0.0,1
예산고등학교 식량안보,125289,1.0,0.0,5
예산고등학교 식량안보,125289,2.0,0.0,1
예산고등학교 식량안보,125289,3.0,0.0,14
예산고등학교 식량안보,125289,4.0,0.0,22
예산고등학교 식량안보,125289,7.0,0.0,2
예산고등학교 식량안보,125289,8.0,0.0,1
예산고등학교 식량안보,125289,14.0,0.0,1
예산고등학교 식량안보,125290,1.0,0.0,7
예산고등학교 식량안보,125290,2.0,0.0,6
예산고등학교 식량안보,125290,3.0,0.0,1
예산고등학교 식량안보,125290,4.0,0.0,5
예산고등학교 식량안보,125290,8.0,0.0,4
예산고등학교 식량안보,125291,1.0,0.0,12
예산고등학교 식량안보,125291,2.0,0.0,29
예산고등학교 식량안보,125291,3.0,0.0,6
예산고등학교 식량안보,125291,4.0,0.0,2
예산고등학교 식량안보,125291,8.0,0.0,7
예산고등학교 식량안보,125291,9.0,0.0,1
예산고등학교 식량안보,125291,10.0,0.0,1
예산고등학교 식량안보,125291,11.0,0.0,9
예산고등학교 식량안보,125291,14.0,0.0,1
예산고등학교 식량안보,125292,2.0,0.0,2
예산고등학교 식량안보,125292,3.0,0.0,4
예산고등학교 식량안보,125292,4.0,0.0,8
예산고등학교 식량안보,125292,8.0,0.0,2
예산고등학교 식량안보,125292,9.0,0.0,9
예산고등학교 식량안보,125292,13.0,0.0,2
예산고등학교 식량안보,125292,15.0,0.0,8
예산고등학교 식량안보,125293,6.0,0.0,1
예산고등학교 식량안보,125293,7.0,0.0,10
예산고등학교 식량안보,125293,8.0,0.0,2
예산고등학교 식량안보,125293,9.0,0.0,1
예산고등학교 식량안보,125293,13.0,0.0,2
예산고등학교 식량안보,125294,4.0,0.0,2
예산고등학교 식량안보,125294,6.0,0.0,1
예산고등학교 식량안보,125294,8.0,0.0,4
예산고등학교 식량안보,125294,9.0,0.0,6
예산고등학교 식량안보,125294,10.0,0.0,1
예산고등학교 식량안보,125294,12.0,0.0,2
예산고등학교 식량안보,125294,14.0,0.0,3
예산고등학교 식량안보,125295,7.0,0.0,10
예산고등학교 식량안보,125295,8.0,0.0,3
예산고등학교 식량안보,125295,9.0,0.0,2
예산고등학교 식량안보,125295,12.0,0.0,6
예산고등학교 식량안보,125295,14.0,0.0,2
예산고등학교 식량안보,125296,1.0,0.0,7
예산고등학교 식량안보,125296,2.0,0.0,25
예산고등학교 식량안보,125296,3.0,0.0,9
예산고등학교 식량안보,125296,8.0,0.0,1
예산고등학교 식량안보,125296,9.0,0.0,1
예산고등학교 식량안보,125297,1.0,0.0,6
예산고등학교 식량안보,125297,2.0,0.0,9
예산고등학교 식량안보,125297,3.0,0.0,8
예산고등학교 식량안보,125297,4.0,0.0,21
예산고등학교 식량안보,125297,8.0,0.0,6
예산고등학교 식량안보,125297,9.0,0.0,2
예산고등학교 식량안보,125298,1.0,0.0,6
예산고등학교 식량안보,125298,2.0,0.0,16
예산고등학교 식량안보,125298,8.0,0.0,2
예산고등학교 식량안보,125299,1.0,0.0,6
예산고등학교 식량안보,125299,2.0,0.0,16
예산고등학교 식량안보,125299,3.0,0.0,13
예산고등학교 식량안보,125299,8.0,0.0,7
예산고등학교 식량안보,125299,9.0,0.0,1
예산고등학교 식량안보,125299,12.0,0.0,12
예산고등학교 식량안보,125300,1.0,0.0,4
예산고등학교 식량안보,125300,4.0,0.0,1
예산고등학교 식량안보,125300,7.0,0.0,2
예산고등학교 식량안보,125300,8.0,0.0,5
예산고등학교 식량안보,125300,9.0,0.0,1
예산고등학교 식량안보,125300,14.0,0.0,1
예산고등학교 식량안보,125301,1.0,0.0,11
예산고등학교 식량안보,125301,2.0,0.0,2
예산고등학교 식량안보,125301,7.0,0.0,2
예산고등학교 식량안보,125301,8.0,0.0,5
예산고등학교 식량안보,125301,9.0,0.0,2
예산고등학교 식량안보,125301,14.0,0.0,4
예산고등학교 식량안보,125302,1.0,0.0,4
예산고등학교 식량안보,125302,2.0,0.0,7
예산고등학교 식량안보,125302,3.0,0.0,6
예산고등학교 식량안보,125302,4.0,0.0,12
예산고등학교 식량안보,125302,7.0,0.0,25
예산고등학교 식량안보,125302,8.0,0.0,5
예산고등학교 식량안보,125302,9.0,0.0,1
예산고등학교 식량안보,125302,11.0,0.0,2
예산고등학교 식량안보,125302,12.0,0.0,6
예산고등학교 식량안보,125302,14.0,0.0,1
예산고등학교 식량안보,125303,1.0,0.0,9
예산고등학교 식량안보,125303,2.0,0.0,8
예산고등학교 식량안보,125303,3.0,0.0,2
예산고등학교 식량안보,125303,4.0,0.0,4
예산고등학교 식량안보,125303,7.0,0.0,6
예산고등학교 식량안보,125303,8.0,0.0,5
예산고등학교 식량안보,125303,9.0,0.0,1
예산고등학교 식량안보,125303,13.0,0.0,2
와우고등학교 식량안보,125211,1.0,0.0,27
와우고등학교 식량안보,125211,2.0,0.0,1
와우고등학교 식량안보,125211,3.0,0.0,6
와우고등학교 식량안보,125211,4.0,0.0,59
와우고등학교 식량안보,125211,7.0,0.0,4
와우고등학교 식량안보,125211,9.0,0.0,1
와우고등학교 식량안보,125211,10.0,0.0,2
와우고등학교 식량안보,125211,14.0,0.0,1
와우고등학교 식량안보,125212,1.0,0.0,3
와우고등학교 식량안보,125212,2.0,0.0,1
와우고등학교 식량안보,125212,3.0,0.0,4
와우고등학교 식량안보,125212,4.0,0.0,1
와우고등학교 식량안보,125212,7.0,0.0,1
와우고등학교 식량안보,125212,14.0,0.0,2
와우고등학교 식량안보,125213,2.0,0.0,6
와우고등학교 식량안보,125213,5.0,0.0,1
와우고등학교 식량안보,125213,8.0,0.0,5
와우고등학교 식량안보,125213,11.0,0.0,11
와우고등학교 식량안보,125213,13.0,0.0,13
와우고등학교 식량안보,125213,14.0,0.0,4
와우고등학교 식량안보,125214,1.0,0.0,13
와우고등학교 식량안보,125214,2.0,0.0,15
와우고등학교 식량안보,125214,3.0,0.0,1
와우고등학교 식량안보,125214,4.0,0.0,19
와우고등학교 식량안보,125214,7.0,0.0,5
와우고등학교 식량안보,125215,1.0,0.0,36
와우고등학교 식량안보,125215,2.0,0.0,1
와우고등학교 식량안보,125215,3.0,0.0,5
와우고등학교 식량안보,125215,4.0,0.0,22
와우고등학교 식량안보,125215,5.0,0.0,3
와우고등학교 식량안보,125215,13.0,0.0,2
와우고등학교 식량안보,125215,14.0,0.0,1
와우고등학교 식량안보,125216,1.0,0.0,8
와우고등학교 식량안보,125216,13.0,0.0,1
와우고등학교 식량안보,125216,14.0,0.0,1
와우고등학교 식량안보,125217,1.0,0.0,2
와우고등학교 식량안보,125217,2.0,0.0,1
와우고등학교 식량안보,125217,3.0,0.0,4
와우고등학교 식량안보,125217,4.0,0.0,3
와우고등학교 식량안보,125217,6.0,0.0,2
와우고등학교 식량안보,125217,7.0,0.0,43
와우고등학교 식량안보,125217,8.0,0.0,3
와우고등학교 식량안보,125217,9.0,0.0,3
와우고등학교 식량안보,125217,10.0,0.0,2
와우고등학교 식량안보,125217,11.0,0.0,12
와우고등학교 식량안보,125217,12.0,0.0,9
와우고등학교 식량안보,125217,13.0,0.0,8
와우고등학교 식량안보,125217,14.0,0.0,4
와우고등학교 식량안보,125218,1.0,0.0,2
와우고등학교 식량안보,125218,2.0,0.0,1
와우고등학교 식량안보,125218,3.0,0.0,10
와우고등학교 식량안보,125218,4.0,0.0,20
와우고등학교 식량안보,125218,11.0,0.0,2
와우고등학교 식량안보,125218,13.0,0.0,2
와우고등학교 식량안보,125218,14.0,0.0,14
와우고등학교 식량안보,125219,6.0,0.0,2
와우고등학교 식량안보,125219,7.0,0.0,4
와우고등학교 식량안보,125219,9.0,0.0,4
와우고등학교 식량안보,125219,11.0,0.0,1
와우고등학교 식량안보,125219,13.0,0.0,1
와우고등학교 식량안보,125219,14.0,0.0,4
와우고등학교 식량안보,125220,4.0,0.0,2
와우고등학교 식량안보,125220,6.0,0.0,1
와우고등학교 식량안보,125220,13.0,0.0,5
와우고등학교 식량안보,125221,1.0,0.0,4
와우고등학교 식량안보,125221,2.0,0.0,1
와우고등학교 식량안보,125221,3.0,0.0,3
와우고등학교 식량안보,125221,4.0,0.0,17
와우고등학교 식량안보,125221,5.0,0.0,2
와우고등학교 식량안보,125221,8.0,0.0,2
와우고등학교 식량안보,125221,11.0,0.0,1
와우고등학교 식량안보,125221,12.0,0.0,2
와우고등학교 식량안보,125221,13.0,0.0,1
와우고등학교 식량안보,125222,1.0,0.0,6
와우고등학교 식량안보,125222,2.0,0.0,2
와우고등학교 식량안보,125222,3.0,0.0,12
와우고등학교 식량안보,125222,4.0,0.0,1
와우고등학교 식량안보,125222,7.0,0.0,38
와우고등학교 식량안보,125222,9.0,0.0,3
와우고등학교 식량안보,125223,1.0,0.0,8
와우고등학교 식량안보,125223,2.0,0.0,5
와우고등학교 식량안보,125223,4.0,0.0,1
와우고등학교 식량안보,125223,9.0,0.0,2
와우고등학교 식량안보,125224,1.0,0.0,13
와우고등학교 식량안보,125224,2.0,0.0,1
와우고등학교 식량안보,125224,3.0,0.0,5
와우고등학교 식량안보,125224,4.0,0.0,5
와우고등학교 식량안보,125224,7.0,0.0,12
와우고등학교 식량안보,125224,9.0,0.0,2
와우고등학교 식량안보,125224,13.0,0.0,4
와우고등학교 식량안보,125224,14.0,0.0,2
와우고등학교 식량안보,125225,1.0,0.0,4
와우고등학교 식량안보,125225,2.0,0.0,3
와우고등학교 식량안보,125225,3.0,0.0,1
와우고등학교 식량안보,125225,4.0,0.0,26
와우고등학교 식량안보,125225,14.0,0.0,11
와우고등학교 식량안보,125226,1.0,0.0,8
와우고등학교 식량안보,125226,2.0,0.0,1
와우고등학교 식량안보,125226,3.0,0.0,1
와우고등학교 식량안보,125226,4.0,0.0,26
와우고등학교 식량안보,125226,15.0,0.0,2
울산여자고등학교 해양쓰레기,126284,1.0,0.0,12
울산여자고등학교 해양쓰레기,126284,7.0,0.0,20
울산여자고등학교 해양쓰레기,126284,13.0,0.0,4
울산여자고등학교 해양쓰레기,126285,3.0,0.0,4
울산여자고등학교 해양쓰레기,126285,7.0,0.0,35
울산여자고등학교 해양쓰레기,126285,8.0,0.0,1
울산여자고등학교 해양쓰레기,126285,9.0,0.0,1
울산여자고등학교 해양쓰레기,126285,11.0,0.0,3
울산여자고등학교 해양쓰레기,126285,13.0,0.0,1
울산여자고등학교 해양쓰레기,126286,1.0,0.0,39
울산여자고등학교 해양쓰레기,126286,2.0,0.0,13
울산여자고등학교 해양쓰레기,126286,3.0,0.0,17
울산여자고등학교 해양쓰레기,126286,4.0,0.0,8
울산여자고등학교 해양쓰레기,126286,5.0,0.0,8
울산여자고등학교 해양쓰레기,126286,7.0,0.0,12
울산여자고등학교 해양쓰레기,126286,8.0,0.0,1
울산여자고등학교 해양쓰레기,126287,7.0,0.0,8
울산여자고등학교 해양쓰레기,126288,7.0,0.0,18
울산여자고등학교 해양쓰레기,126289,8.0,0.0,1
울산여자고등학교 해양쓰레기,126289,12.0,0.0,4
울산여자고등학교 해양쓰레기,126290,1.0,0.0,11
울산여자고등학교 해양쓰레기,126290,2.0,0.0,38
울산여자고등학교 해양쓰레기,126290,3.0,0.0,14
울산여자고등학교 해양쓰레기,126290,4.0,0.0,6
울산여자고등학교 해양쓰레기,126290,5.0,0.0,10
울산여자고등학교 해양쓰레기,126290,7.0,0.0,22
울산여자고등학교 해양쓰레기,126291,4.0,0.0,4
울산여자고등학교 해양쓰레기,126291,5.0,0.0,2
울산여자고등학교 해양쓰레기,126291,7.0,0.0,14
울산여자고등학교 해양쓰레기,126292,1.0,0.0,4
울산여자고등학교 해양쓰레기,126293,7.0,0.0,44
울산여자고등학교 해양쓰레기,126293,9.0,0.0,1
울산여자고등학교 해양쓰레기,126293,13.0,0.0,9
장기중학교 기후변화,127467,2.0,0.0,1
장기중학교 기후변화,127470,12.0,0.0,1
장기중학교 기후변화,127471,12.0,0.0,2
장기중학교 기후변화,127473,15.0,0.0,2
장기중학교 기후변화,127477,12.0,0.0,1
장기중학교 기후변화,127478,12.0,0.0,2
장기중학교 기후변화,127480,10.0,0.0,1
장기중학교 기후변화,127481,2.0,0.0,2
장기중학교 기후변화,127482,10.0,0.0,4
장기중학교 기후변화,127482,12.0,0.0,8
장기중학교 기후변화,127482,15.0,0.0,4
장기중학교 기후변화,127487,2.0,0.0,10
장기중학교 기후변화,127487,10.0,0.0,3
장기중학교 기후변화,127487,12.0,0.0,2
장기중학교 기후변화,127487,13.0,0.0,4
장기중학교 기후변화,127490,2.0,0.0,57
장기중학교 기후변화,127490,10.0,0.0,19
장기중학교 기후변화,127490,15.0,0.0,2
장평중학교 해양쓰레기,126251,4.0,0.0,7
장평중학교 해양쓰레기,126251,5.0,0.0,5
장평중학교 해양쓰레기,126251,7.0,0.0,14
장평중학교 해양쓰레기,126251,8.0,0.0,1
장평중학교 해양쓰레기,126251,10.0,0.0,10
장평중학교 해양쓰레기,126252,4.0,0.0,13
장평중학교 해양쓰레기,126252,5.0,0.0,2
장평중학교 해양쓰레기,126254,2.0,0.0,1
장평중학교 해양쓰레기,126254,4.0,0.0,7
장평중학교 해양쓰레기,126254,5.0,0.0,6
장평중학교 해양쓰레기,126254,7.0,0.0,3
장평중학교 해양쓰레기,126254,8.0,0.0,1
장평중학교 해양쓰레기,126255,4.0,0.0,1
장평중학교 해양쓰레기,126255,5.0,0.0,1
장평중학교 해양쓰레기,126256,4.0,0.0,8
장평중학교 해양쓰레기,126256,5.0,0.0,4
장평중학교 해양쓰레기,126256,7.0,0.0,6
장평중학교 해양쓰레기,126256,8.0,0.0,2
장평중학교 해양쓰레기,126256,10.0,0.0,1
장평중학교 해양쓰레기,126257,4.0,0.0,8
장평중학교 해양쓰레기,126257,7.0,0.0,6
장평중학교 해양쓰레기,126257,8.0,0.0,2
장평중학교 해양쓰레기,126257,9.0,0.0,1
장평중학교 해양쓰레기,126257,10.0,0.0,3
장평중학교 해양쓰레기,126258,7.0,0.0,25
장평중학교 해양쓰레기,126259,4.0,0.0,9
장평중학교 해양쓰레기,126259,7.0,0.0,8
장평중학교 해양쓰레기,126260,8.0,0.0,1
장평중학교 해양쓰레기,126261,4.0,0.0,3
장평중학교 해양쓰레기,126261,7.0,0.0,4
장평중학교 해양쓰레기,126262,4.0,0.0,5
장평중학교 해양쓰레기,126262,8.0,0.0,4
장평중학교 해양쓰레기,126263,4.0,0.0,19
장평중학교 해양쓰레기,126263,5.0,0.0,3
장평중학교 해양쓰레기,126263,7.0,0.0,30
전남여자고등학교 해양쓰레기,125149,8.0,0.0,1
전남여자고등학교 해양쓰레기,125150,8.0,0.0,1
전남여자고등학교 해양쓰레기,125152,2.0,0.0,7
전남여자고등학교 해양쓰레기,125152,3.0,0.0,2
전남여자고등학교 해양쓰레기,125152,8.0,0.0,1
전남여자고등학교 해양쓰레기,125154,2.0,0.0,2
전남여자고등학교 해양쓰레기,125156,2.0,0.0,6
전남여자고등학교 해양쓰레기,125157,1.0,0.0,14
전남여자고등학교 해양쓰레기,125157,2.0,0.0,35
전남여자고등학교 해양쓰레기,125157,3.0,0.0,25
전남여자고등학교 해양쓰레기,125157,4.0,0.0,7
전남여자고등학교 해양쓰레기,125157,5.0,0.0,1
전남여자고등학교 해양쓰레기,125158,1.0,0.0,14
전남여자고등학교 해양쓰레기,125158,3.0,0.0,3
전남여자고등학교 해양쓰레기,125158,4.0,0.0,12
전남여자고등학교 해양쓰레기,125159,1.0,0.0,11
전남여자고등학교 해양쓰레기,125159,2.0,0.0,3
전주솔빛중학교 기후변화,127492,1.0,0.0,10
전주솔빛중학교 기후변화,127492,2.0,0.0,4
전주솔빛중학교 기후변화,127492,3.0,0.0,34
전주솔빛중학교 기후변화,127492,4.0,0.0,13
전주솔빛중학교 기후변화,127492,6.0,0.0,4
전주솔빛중학교 기후변화,127492,8.0,0.0,3
전주솔빛중학교 기후변화,127492,10.0,0.0,10
전주솔빛중학교 기후변화,127492,11.0,0.0,64
전주솔빛중학교 기후변화,127492,12.0,0.0,2
전주솔빛중학교 기후변화,127492,14.0,0.0,6
전주솔빛중학교 기후변화,127493,1.0,0.0,12
전주솔빛중학교 기후변화,127493,2.0,0.0,14
전주솔빛중학교 기후변화,127493,3.0,0.0,17
전주솔빛중학교 기후변화,127493,4.0,0.0,14
전주솔빛중학교 기후변화,127493,5.0,0.0,5
전주솔빛중학교 기후변화,127493,6.0,0.0,3
전주솔빛중학교 기후변화,127493,7.0,0.0,2
전주솔빛중학교 기후변화,127493,8.0,0.0,4
전주솔빛중학교 기후변화,127493,10.0,0.0,4
전주솔빛중학교 기후변화,127493,11.0,0.0,1
전주솔빛중학교 기후변화,127493,12.0,0.0,11
전주솔빛중학교 기후변화,127493,13.0,0.0,6
전주솔빛중학교 기후변화,127493,14.0,0.0,10
전주솔빛중학교 기후변화,127494,1.0,0.0,9
전주솔빛중학교 기후변화,127494,2.0,0.0,18
전주솔빛중학교 기후변화,127494,3.0,0.0,44
전주솔빛중학교 기후변화,127494,4.0,0.0,33
전주솔빛중학교 기후변화,127494,5.0,0.0,7
전주솔빛중학교 기후변화,127494,6.0,0.0,2
전주솔빛중학교 기후변화,127494,8.0,0.0,19
전주솔빛중학교 기후변화,127494,9.0,0.0,5
전주솔빛중학교 기후변화,127494,11.0,0.0,3
전주솔빛중학교 기후변화,127494,13.0,0.0,6
전주솔빛중학교 기후변화,127495,1.0,0.0,4
전주솔빛중학교 기후변화,127495,2.0,0.0,11
전주솔빛중학교 기후변화,127495,3.0,0.0,13
전주솔빛중학교 기후변화,127495,4.0,0.0,15
전주솔빛중학교 기후변화,127495,5.0,0.0,2
전주솔빛중학교 기후변화,127495,6.0,0.0,4
전주솔빛중학교 기후변화,127495,7.0,0.0,4
전주솔빛중학교 기후변화,127495,8.0,0.0,5
전주솔빛중학교 기후변화,127495,9.0,0.0,3
전주솔빛중학교 기후변화,127495,10.0,0.0,4
전주솔빛중학교 기후변화,127495,11.0,0.0,2
전주솔빛중학교 기후변화,127495,12.0,0.0,6
전주솔빛중학교 기후변화,127495,13.0,0.0,5
전주솔빛중학교 기후변화,127496,1.0,0.0,8
전주솔빛중학교 기후변화,127496,2.0,0.0,8
전주솔빛중학교 기후변화,127496,3.0,0.0,8
전주솔빛중학교 기후변화,127496,7.0,0.0,4
전주솔빛중학교 기후변화,127496,8.0,0.0,2
전주솔빛중학교 기후변화,127496,9.0,0.0,1
전주솔빛중학교 기후변화,127496,10.0,0.0,2
전주솔빛중학교 기후변화,127496,11.0,0.0,3
전주솔빛중학교 기후변화,127496,13.0,0.0,2
전주솔빛중학교 기후변화,127497,1.0,0.0,4
전주솔빛중학교 기후변화,127497,3.0,0.0,34
전주솔빛중학교 기후변화,127497,8.0,0.0,10
전주솔빛중학교 기후변화,127497,10.0,0.0,24
전주솔빛중학교 기후변화,127497,11.0,0.0,20
전주솔빛중학교 기후변화,127497,12.0,0.0,2
전주솔빛중학교 기후변화,127497,13.0,0.0,4
전주솔빛중학교 기후변화,127498,1.0,0.0,4
전주솔빛중학교 기후변화,127498,2.0,0.0,22
전주솔빛중학교 기후변화,127498,3.0,0.0,152
전주솔빛중학교 기후변화,127498,4.0,0.0,13
전주솔빛중학교 기후변화,127498,5.0,0.0,4
전주솔빛중학교 기후변화,127498,6.0,0.0,13
전주솔빛중학교 기후변화,127498,8.0,0.0,15
전주솔빛중학교 기후변화,127498,9.0,0.0,1
전주솔빛중학교 기후변화,127498,11.0,0.0,1
전주솔빛중학교 기후변화,127498,12.0,0.0,2
전주솔빛중학교 기후변화,127498,13.0,0.0,6
전주솔빛중학교 기후변화,127498,14.0,0.0,2
전주솔빛중학교 기후변화,127499,2.0,0.0,45
전주솔빛중학교 기후변화,127499,3.0,0.0,49
전주솔빛중학교 기후변화,127499,7.0,0.0,2
전주솔빛중학교 기후변화,127499,10.0,0.0,1
전주솔빛중학교 기후변화,127499,11.0,0.0,1
전주솔빛중학교 기후변화,127500,1.0,0.0,11
전주솔빛중학교 기후변화,127500,2.0,0.0,13
전주솔빛중학교 기후변화,127500,3.0,0.0,33
전주솔빛중학교 기후변화,127500,4.0,0.0,1
전주솔빛중학교 기후변화,127500,5.0,0.0,4
전주솔빛중학교 기후변화,127500,6.0,0.0,1
전주솔빛중학교 기후변화,127500,7.0,0.0,2
전주솔빛중학교 기후변화,127500,8.0,0.0,2
전주솔빛중학교 기후변화,127500,9.0,0.0,3
전주솔빛중학교 기후변화,127501,1.0,0.0,9
전주솔빛중학교 기후변화,127501,2.0,0.0,13
전주솔빛중학교 기후변화,127501,3.0,0.0,19
전주솔빛중학교 기후변화,127501,4.0,0.0,3
전주솔빛중학교 기후변화,127501,5.0,0.0,2
전주솔빛중학교 기후변화,127501,7.0,0.0,2
전주솔빛중학교 기후변화,127501,8.0,0.0,1
전주솔빛중학교 기후변화,127501,9.0,0.0,1
전주솔빛중학교 기후변화,127501,10.0,0.0,4
전주솔빛중학교 기후변화,127501,11.0,0.0,1
전주솔빛중학교 기후변화,127501,13.0,0.0,2
전주솔빛중학교 기후변화,127502,1.0,0.0,12
전주솔빛중학교 기후변화,127502,2.0,0.0,10
전주솔빛중학교 기후변화,127502,3.0,0.0,27
전주솔빛중학교 기후변화,127502,4.0,0.0,8
전주솔빛중학교 기후변화,127502,5.0,0.0,4
전주솔빛중학교 기후변화,127502,7.0,0.0,4
전주솔빛중학교 기후변화,127502,9.0,0.0,7
전주솔빛중학교 기후변화,127502,10.0,0.0,2
전주솔빛중학교 기후변화,127502,11.0,0.0,1
지평고등학교 식량안보,125231,1.0,0.0,15
지평고등학교 식량안보,125231,2.0,0.0,18
지평고등학교 식량안보,125231,3.0,0.0,1
지평고등학교 식량안보,125231,4.0,0.0,2
지평고등학교 식량안보,125231,7.0,0.0,6
지평고등학교 식량안보,125231,8.0,0.0,3
지평고등학교 식량안보,125231,9.0,0.0,4
지평고등학교 식량안보,125231,14.0,0.0,3
지평고등학교 식량안보,125232,6.0,0.0,2
지평고등학교 식량안보,125232,7.0,0.0,14
지평고등학교 식량안보,125232,8.0,0.0,9
지평고등학교 식량안보,125232,9.0,0.0,4
지평고등학교 식량안보,125232,11.0,0.0,1
지평고등학교 식량안보,125232,13.0,0.0,1
지평고등학교 식량안보,125233,4.0,0.0,1
지평고등학교 식량안보,125233,6.0,0.0,2
지평고등학교 식량안보,125233,7.0,0.0,6
지평고등학교 식량안보,125233,8.0,0.0,5
지평고등학교 식량안보,125233,9.0,0.0,2
지평고등학교 식량안보,125233,14.0,0.0,4
지평고등학교 식량안보,125234,7.0,0.0,10
지평고등학교 식량안보,125234,8.0,0.0,13
지평고등학교 식량안보,125234,9.0,0.0,5
지평고등학교 식량안보,125234,10.0,0.0,3
지평고등학교 식량안보,125234,13.0,0.0,2
지평고등학교 식량안보,125234,14.0,0.0,8
지평고등학교 식량안보,125234,15.0,0.0,4
지평고등학교 식량안보,125235,7.0,0.0,10
지평고등학교 식량안보,125235,8.0,0.0,3
지평고등학교 식량안보,125235,9.0,0.0,4
진주동명중학교 기후변화,125167,1.0,0.0,2
진주동명중학교 기후변화,125168,1.0,0.0,9
진주동명중학교 기후변화,125172,3.0,0.0,2
진주동명중학교 기후변화,125172,6.0,0.0,2
진주동명중학교 기후변화,125173,1.0,0.0,6
진주동명중학교 기후변화,125174,1.0,0.0,2
진주동명중학교 기후변화,125175,1.0,0.0,5
진주동명중학교 기후변화,125175,2.0,0.0,5
진주동명중학교 기후변화,125175,3.0,0.0,3
진주동명중학교 기후변화,125175,4.0,0.0,2
진주동명중학교 기후변화,125176,1.0,0.0,7
진주동명중학교 기후변화,125176,3.0,0.0,4
진주동명중학교 기후변화,125177,3.0,0.0,14
진주동명중학교 기후변화,125177,4.0,0.0,3
진주동명중학교 기후변화,125177,6.0,0.0,7
진주동명중학교 기후변화,125178,1.0,0.0,5
진주동명중학교 기후변화,125178,3.0,0.0,24
진주동명중학교 기후변화,125178,4.0,0.0,16
진주동명중학교 기후변화,125178,5.0,0.0,4
진주동명중학교 기후변화,125178,6.0,0.0,4
진주동명중학교 기후변화,125178,8.0,0.0,1
진주동명중학교 기후변화,125182,1.0,0.0,38
진주동명중학교 기후변화,125182,2.0,0.0,13
진주동명중학교 기후변화,125182,3.0,0.0,17
진주동명중학교 기후변화,125182,4.0,0.0,43
진주동명중학교 기후변화,125182,6.0,0.0,6
진주동명중학교 기후변화,125186,1.0,0.0,11
천안두정중학교 해양쓰레기,125321,3.0,0.0,127
천안두정중학교 해양쓰레기,125321,4.0,0.0,7
천안두정중학교 해양쓰레기,125322,1.0,0.0,34
천안두정중학교 해양쓰레기,125322,3.0,0.0,31
천안두정중학교 해양쓰레기,125322,8.0,0.0,6
천안두정중학교 해양쓰레기,125324,3.0,0.0,1
천안두정중학교 해양쓰레기,125326,1.0,0.0,15
천안두정중학교 해양쓰레기,125326,2.0,0.0,2
천안두정중학교 해양쓰레기,125326,3.0,0.0,5
천안두정중학교 해양쓰레기,125326,4.0,0.0,7
천안두정중학교 해양쓰레기,125326,5.0,0.0,4
천안두정중학교 해양쓰레기,125326,7.0,0.0,24
천안두정중학교 해양쓰레기,125327,1.0,0.0,4
천안두정중학교 해양쓰레기,125327,2.0,0.0,3
천안두정중학교 해양쓰레기,125327,3.0,0.0,18
천안두정중학교 해양쓰레기,125327,4.0,0.0,6
천안두정중학교 해양쓰레기,125327,7.0,0.0,26
천안두정중학교 해양쓰레기,125327,8.0,0.0,1
천안두정중학교 해양쓰레기,125327,13.0,0.0,2
천안두정중학교 해양쓰레기,125327,15.0,0.0,2
천안두정중학교 해양쓰레기,125329,10.0,0.0,2
천안두정중학교 해양쓰레기,125330,1.0,0.0,24
천안두정중학교 해양쓰레기,125330,3.0,0.0,3
천안두정중학교 해양쓰레기,125330,7.0,0.0,2
천안두정중학교 해양쓰레기,125330,10.0,0.0,2
천안두정중학교 해양쓰레기,125331,1.0,0.0,10
천안두정중학교 해양쓰레기,125331,3.0,0.0,3
천안두정중학교 해양쓰레기,125331,4.0,0.0,5
천안두정중학교 해양쓰레기,125331,12.0,0.0,2
천안두정중학교 해양쓰레기,125331,13.0,0.0,2
천안두정중학교 해양쓰레기,125331,14.0,0.0,2
천안두정중학교 해양쓰레기,125331,15.0,0.0,4
천안두정중학교 해양쓰레기,125332,8.0,0.0,1
천안두정중학교 해양쓰레기,125333,1.0,0.0,76
천안두정중학교 해양쓰레기,125333,3.0,0.0,4
천안두정중학교 해양쓰레기,125333,4.0,0.0,3
천안두정중학교 해양쓰레기,125333,5.0,0.0,3
천안두정중학교 해양쓰레기,125333,7.0,0.0,16
천안두정중학교 해양쓰레기,125334,1.0,0.0,5
천안두정중학교 해양쓰레기,125334,3.0,0.0,5
천안두정중학교 해양쓰레기,125334,4.0,0.0,4
천안두정중학교 해양쓰레기,125334,7.0,0.0,16
천안두정중학교 해양쓰레기,125334,11.0,0.0,1
천안두정중학교 해양쓰레기,125334,12.0,0.0,16
천안두정중학교 해양쓰레기,125334,13.0,0.0,11
천안두정중학교 해양쓰레기,125334,14.0,0.0,15
천안두정중학교 해양쓰레기,125337,1.0,0.0,41
천안두정중학교 해양쓰레기,125337,2.0,0.0,1
천안두정중학교 해양쓰레기,125337,3.0,0.0,12
천안두정중학교 해양쓰레기,125337,4.0,0.0,11
천안월봉고등학교 식량안보,127567,3.0,0.0,3
천안월봉고등학교 식량안보,127567,4.0,0.0,8
천안월봉고등학교 식량안보,127568,1.0,0.0,6
천안월봉고등학교 식량안보,127568,2.0,0.0,1
천안월봉고등학교 식량안보,127568,3.0,0.0,1
천안월봉고등학교 식량안보,127568,4.0,0.0,7
천안월봉고등학교 식량안보,127568,6.0,0.0,1
천안월봉고등학교 식량안보,127568,7.0,0.0,6
천안월봉고등학교 식량안보,127568,13.0,0.0,1
천안월봉고등학교 식량안보,127569,1.0,0.0,3
천안월봉고등학교 식량안보,127569,2.0,0.0,4
천안월봉고등학교 식량안보,127569,3.0,0.0,1
천안월봉고등학교 식량안보,127569,4.0,0.0,11
천안월봉고등학교 식량안보,127569,8.0,0.0,2
천안월봉고등학교 식량안보,127569,13.0,0.0,4
천안월봉고등학교 식량안보,127570,1.0,0.0,8
천안월봉고등학교 식량안보,127570,2.0,0.0,1
천안월봉고등학교 식량안보,127570,3.0,0.0,1
천안월봉고등학교 식량안보,127570,4.0,0.0,9
천안월봉고등학교 식량안보,127570,6.0,0.0,1
천안월봉고등학교 식량안보,127570,7.0,0.0,4
천안월봉고등학교 식량안보,127570,9.0,0.0,1
천안월봉고등학교 식량안보,127570,12.0,0.0,6
천안월봉고등학교 식량안보,127570,15.0,0.0,2
천안월봉고등학교 식량안보,127571,1.0,0.0,3
천안월봉고등학교 식량안보,127571,2.0,0.0,16
천안월봉고등학교 식량안보,127571,3.0,0.0,3
천안월봉고등학교 식량안보,127571,4.0,0.0,4
천안월봉고등학교 식량안보,127572,1.0,0.0,11
천안월봉고등학교 식량안보,127572,2.0,0.0,1
천안월봉고등학교 식량안보,127572,3.0,0.0,10
천안월봉고등학교 식량안보,127572,4.0,0.0,14
천안월봉고등학교 식량안보,127572,8.0,0.0,4
천안월봉고등학교 식량안보,127572,12.0,0.0,4
천안월봉고등학교 식량안보,127573,1.0,0.0,5
천안월봉고등학교 식량안보,127573,3.0,0.0,3
천안월봉고등학교 식량안보,127573,4.0,0.0,1
천안월봉고등학교 식량안보,127574,1.0,0.0,9
천안월봉고등학교 식량안보,127574,3.0,0.0,1
천안월봉고등학교 식량안보,127574,8.0,0.0,1
천안월봉고등학교 식량안보,127575,1.0,0.0,7
천안월봉고등학교 식량안보,127575,2.0,0.0,1
천안월봉고등학교 식량안보,127575,7.0,0.0,12
천안월봉고등학교 식량안보,127575,12.0,0.0,2
천안월봉고등학교 식량안보,127575,13.0,0.0,4
천안월봉고등학교 식량안보,127575,15.0,0.0,4
천안월봉고등학교 식량안보,127576,2.0,0.0,29
천안월봉고등학교 식량안보,127576,3.0,0.0,1
천안월봉고등학교 식량안보,127576,4.0,0.0,1
천안월봉고등학교 식량안보,127576,8.0,0.0,1
천안월봉고등학교 식량안보,127576,12.0,0.0,6
천안월봉고등학교 식량안보,127577,1.0,0.0,6
천안월봉고등학교 식량안보,127577,2.0,0.0,12
천안월봉고등학교 식량안보,127577,3.0,0.0,1
천안월봉고등학교 식량안보,127577,4.0,0.0,18
천안월봉고등학교 식량안보,127577,6.0,0.0,1
천안월봉고등학교 식량안보,127577,7.0,0.0,2
천안월봉고등학교 식량안보,127577,8.0,0.0,4
천안월봉고등학교 식량안보,127577,9.0,0.0,1
천안월봉고등학교 식량안보,127577,10.0,0.0,1
천안월봉고등학교 식량안보,127577,11.0,0.0,1
천안월봉고등학교 식량안보,127577,13.0,0.0,1
천안월봉고등학교 식량안보,127578,1.0,0.0,11
천안월봉고등학교 식량안보,127578,2.0,0.0,1
천안월봉고등학교 식량안보,127578,3.0,0.0,1
천안월봉고등학교 식량안보,127578,9.0,0.0,1
천안월봉고등학교 식량안보,127579,1.0,0.0,10
천안월봉고등학교 식량안보,127579,2.0,0.0,1
천안월봉고등학교 식량안보,127579,3.0,0.0,1
천안월봉고등학교 식량안보,127579,4.0,0.0,1
천안월봉고등학교 식량안보,127579,9.0,0.0,1
천안월봉고등학교 식량안보,127580,1.0,0.0,2
천안월봉고등학교 식량안보,127580,2.0,0.0,2
천안월봉고등학교 식량안보,127580,3.0,0.0,1
천안월봉고등학교 식량안보,127580,4.0,0.0,17
천안월봉고등학교 식량안보,127580,9.0,0.0,1
천안월봉고등학교 식량안보,127580,13.0,0.0,2
천안월봉고등학교 식량안보,127580,14.0,0.0,1
천안월봉고등학교 식량안보,127581,7.0,0.0,4
천안월봉고등학교 식량안보,127581,8.0,0.0,1
천안월봉고등학교 식량안보,127581,13.0,0.0,6
천안월봉고등학교 식량안보,127581,14.0,0.0,6
천안월봉고등학교 식량안보,127582,1.0,0.0,6
천안월봉고등학교 식량안보,127582,2.0,0.0,1
천안월봉고등학교 식량안보,127582,3.0,0.0,1
천안월봉고등학교 식량안보,127582,4.0,0.0,5
천안월봉고등학교 식량안보,127582,12.0,0.0,2
천안월봉고등학교 식량안보,127583,1.0,0.0,6
천안월봉고등학교 식량안보,127583,2.0,0.0,3
천안월봉고등학교 식량안보,127583,3.0,0.0,2
천안월봉고등학교 식량안보,127583,4.0,0.0,2
천안월봉고등학교 식량안보,127583,9.0,0.0,1
천안월봉고등학교 식량안보,127584,1.0,0.0,2
천안월봉고등학교 식량안보,127584,2.0,0.0,1
천안월봉고등학교 식량안보,127584,3.0,0.0,1
천안월봉고등학교 식량안보,127584,4.0,0.0,12
천안월봉고등학교 식량안보,127584,7.0,0.0,12
천안월봉고등학교 식량안보,127584,12.0,0.0,2
천안월봉고등학교 식량안보,127584,15.0,0.0,6
천안월봉고등학교 식량안보,127585,1.0,0.0,10
천안월봉고등학교 식량안보,127585,2.0,0.0,1
천안월봉고등학교 식량안보,127585,3.0,0.0,1
천안월봉고등학교 식량안보,127585,4.0,0.0,4
천안월봉고등학교 식량안보,127585,6.0,0.0,3
천안월봉고등학교 식량안보,127585,7.0,0.0,2
천안월봉고등학교 식량안보,127585,8.0,0.0,6
천안월봉고등학교 식량안보,127586,1.0,0.0,15
천안월봉고등학교 식량안보,127586,2.0,0.0,4
천안월봉고등학교 식량안보,127586,3.0,0.0,1
천안월봉고등학교 식량안보,127586,4.0,0.0,32
천안월봉고등학교 식량안보,127586,6.0,0.0,1
천안월봉고등학교 식량안보,127586,12.0,0.0,6
천안월봉고등학교 식량안보,127589,1.0,0.0,2
천안월봉고등학교 식량안보,127589,2.0,0.0,8
천안월봉고등학교 식량안보,127589,3.0,0.0,1
천안월봉고등학교 식량안보,127589,4.0,0.0,9
천안월봉고등학교 식량안보,127589,9.0,0.0,1
청주중학교 기후변화,125307,1.0,0.0,7
청주중학교 기후변화,125307,2.0,0.0,1
청주중학교 기후변화,125308,4.0,0.0,8
청주중학교 기후변화,125309,4.0,0.0,20
청주중학교 기후변화,125310,1.0,0.0,2
청주중학교 기후변화,125310,2.0,0.0,8
청주중학교 기후변화,125310,4.0,0.0,13
청주중학교 기후변화,125310,6.0,0.0,15
청주중학교 기후변화,125310,10.0,0.0,12
청주중학교 기후변화,125310,11.0,0.0,19
청주중학교 기후변화,125311,1.0,0.0,3
청주중학교 기후변화,125311,2.0,0.0,1
청주중학교 기후변화,125311,4.0,0.0,7
청주중학교 기후변화,125311,9.0,0.0,1
청주중학교 기후변화,125312,2.0,0.0,62
청주중학교 기후변화,125312,6.0,0.0,3
청주중학교 기후변화,125312,10.0,0.0,17
청주중학교 기후변화,125312,11.0,0.0,6
청주중학교 기후변화,125313,6.0,0.0,6
청주중학교 기후변화,125313,7.0,0.0,3
청주중학교 기후변화,125313,8.0,0.0,2
청주중학교 기후변화,125313,9.0,0.0,1
청주중학교 기후변화,125313,10.0,0.0,2
청주중학교 기후변화,125313,11.0,0.0,1
청주중학교 기후변화,125314,6.0,0.0,16
청주중학교 기후변화,125314,10.0,0.0,2
청주중학교 기후변화,125314,11.0,0.0,1
청주중학교 기후변화,125314,12.0,0.0,2
청주중학교 기후변화,125315,2.0,0.0,14
청주중학교 기후변화,125315,10.0,0.0,35
청주중학교 기후변화,125315,11.0,0.0,1
포항중앙여자고등학교 해양쓰레기,126386,1.0,0.0,39
포항중앙여자고등학교 해양쓰레기,126386,2.0,0.0,18
포항중앙여자고등학교 해양쓰레기,126386,3.0,0.0,6
포항중앙여자고등학교 해양쓰레기,126386,4.0,0.0,6
포항중앙여자고등학교 해양쓰레기,126386,5.0,0.0,2
포항중앙여자고등학교 해양쓰레기,126386,9.0,0.0,4
포항중앙여자고등학교 해양쓰레기,126386,10.0,0.0,8
포항중앙여자고등학교 해양쓰레기,126386,11.0,0.0,1
포항중앙여자고등학교 해양쓰레기,126386,12.0,0.0,2
포항중앙여자고등학교 해양쓰레기,126387,1.0,0.0,12
포항중앙여자고등학교 해양쓰레기,126387,2.0,0.0,34
포항중앙여자고등학교 해양쓰레기,126387,3.0,0.0,11
포항중앙여자고등학교 해양쓰레기,126387,4.0,0.0,4
포항중앙여자고등학교 해양쓰레기,126388,1.0,0.0,12
포항중앙여자고등학교 해양쓰레기,126388,2.0,0.0,1
포항중앙여자고등학교 해양쓰레기,126388,3.0,0.0,10
포항중앙여자고등학교 해양쓰레기,126388,4.0,0.0,7
포항중앙여자고등학교 해양쓰레기,126388,5.0,0.0,2
포항중앙여자고등학교 해양쓰레기,126389,1.0,0.0,2
포항중앙여자고등학교 해양쓰레기,126389,3.0,0.0,3
포항중앙여자고등학교 해양쓰레기,126389,4.0,0.0,1
포항중앙여자고등학교 해양쓰레기,126390,1.0,0.0,29
포항중앙여자고등학교 해양쓰레기,126390,2.0,0.0,97
포항중앙여자고등학교 해양쓰레기,126390,3.0,0.0,11
포항중앙여자고등학교 해양쓰레기,126390,4.0,0.0,10
포항중앙여자고등학교 해양쓰레기,126390,5.0,0.0,6
포항중앙여자고등학교 해양쓰레기,126391,1.0,0.0,16
포항중앙여자고등학교 해양쓰레기,126391,2.0,0.0,7
포항중앙여자고등학교 해양쓰레기,126391,3.0,0.0,5
포항중앙여자고등학교 해양쓰레기,126391,4.0,0.0,16
포항중앙여자고등학교 해양쓰레기,126391,5.0,0.0,4
포항중앙여자고등학교 해양쓰레기,126392,1.0,0.0,10
포항중앙여자고등학교 해양쓰레기,126393,1.0,0.0,4
포항중앙여자고등학교 해양쓰레기,126393,2.0,0.0,10
포항중앙여자고등학교 해양쓰레기,126393,3.0,0.0,3
포항중앙여자고등학교 해양쓰레기,126393,4.0,0.0,6
포항중앙여자고등학교 해양쓰레기,126393,5.0,0.0,4
포항중앙여자고등학교 해양쓰레기,126393,8.0,0.0,1
포항중앙여자고등학교 해양쓰레기,126394,1.0,0.0,39
포항중앙여자고등학교 해양쓰레기,126394,2.0,0.0,9
포항중앙여자고등학교 해양쓰레기,126394,3.0,0.0,5
포항중앙여자고등학교 해양쓰레기,126394,4.0,0.0,10
포항중앙여자고등학교 해양쓰레기,126394,5.0,0.0,2
포항중앙여자고등학교 해양쓰레기,126395,1.0,0.0,20
포항중앙여자고등학교 해양쓰레기,126395,2.0,0.0,3
포항중앙여자고등학교 해양쓰레기,126395,3.0,0.0,6
포항중앙여자고등학교 해양쓰레기,126395,4.0,0.0,2
포항중앙여자고등학교 해양쓰레기,126395,7.0,0.0,2
포항중앙여자고등학교 해양쓰레기,126395,9.0,0.0,3
포항중앙여자고등학교 해양쓰레기,126396,1.0,0.0,61
포항중앙여자고등학교 해양쓰레기,126396,2.0,0.0,2
포항중앙여자고등학교 해양쓰레기,126396,3.0,0.0,9
포항중앙여자고등학교 해양쓰레기,126396,4.0,0.0,6
포항중앙여자고등학교 해양쓰레기,126396,5.0,0.0,4
포항중앙여자고등학교 해양쓰레기,126397,1.0,0.0,24
포항중앙여자고등학교 해양쓰레기,126397,2.0,0.0,12
포항중앙여자고등학교 해양쓰레기,126397,3.0,0.0,9
포항중앙여자고등학교 해양쓰레기,126397,4.0,0.0,6
포항중앙여자고등학교 해양쓰레기,126397,5.0,0.0,6
포항중앙여자고등학교 해양쓰레기,126398,1.0,0.0,27
포항중앙여자고등학교 해양쓰레기,126398,2.0,0.0,7
포항중앙여자고등학교 해양쓰레기,126398,3.0,0.0,6
포항중앙여자고등학교 해양쓰레기,126398,4.0,0.0,8
포항중앙여자고등학교 해양쓰레기,126398,5.0,0.0,2
포항중앙여자고등학교 해양쓰레기,126398,7.0,0.0,2
포항중앙여자고등학교 해양쓰레기,126398,9.0,0.0,1
포항중앙여자고등학교 해양쓰레기,126399,1.0,0.0,13
포항중앙여자고등학교 해양쓰레기,126399,2.0,0.0,7
포항중앙여자고등학교 해양쓰레기,126399,3.0,0.0,3
포항중앙여자고등학교 해양쓰레기,126399,4.0,0.0,6
포항중앙여자고등학교 해양쓰레기,126399,5.0,0.0,2
포항중앙여자고등학교 해양쓰레기,126400,1.0,0.0,9
포항중앙여자고등학교 해양쓰레기,126400,2.0,0.0,39
포항중앙여자고등학교 해양쓰레기,126400,3.0,0.0,16
포항중앙여자고등학교 해양쓰레기,126400,4.0,0.0,9
포항중앙여자고등학교 해양쓰레기,126400,5.0,0.0,4
포항중앙여자고등학교 해양쓰레기,126400,12.0,0.0,2
포항중앙여자고등학교 해양쓰레기,126401,1.0,0.0,13
포항중앙여자고등학교 해양쓰레기,126401,2.0,0.0,7
포항중앙여자고등학교 해양쓰레기,126401,3.0,0.0,3
포항중앙여자고등학교 해양쓰레기,126401,4.0,0.0,4
포항중앙여자고등학교 해양쓰레기,126401,5.0,0.0,4
포항중앙여자고등학교 해양쓰레기,126401,12.0,0.0,2
한동글로벌학교 기후변화 A반,125101,3.0,0.0,10
한동글로벌학교 기후변화 A반,125101,8.0,0.0,2
한동글로벌학교 기후변화 A반,125101,9.0,0.0,41
한동글로벌학교 기후변화 A반,125102,3.0,0.0,10
한동글로벌학교 기후변화 A반,125102,4.0,0.0,6
한동글로벌학교 기후변화 A반,125102,8.0,0.0,2
한동글로벌학교 기후변화 A반,125102,9.0,0.0,40
한동글로벌학교 기후변화 A반,125103,1.0,0.0,5
한동글로벌학교 기후변화 A반,125103,8.0,0.0,26
한동글로벌학교 기후변화 A반,125104,3.0,0.0,2
한동글로벌학교 기후변화 A반,125104,5.0,0.0,4
한동글로벌학교 기후변화 A반,125104,8.0,0.0,2
한동글로벌학교 기후변화 A반,125104,9.0,0.0,41
한동글로벌학교 기후변화 A반,125105,1.0,0.0,20
한동글로벌학교 기후변화 A반,125105,2.0,0.0,2
한동글로벌학교 기후변화 A반,125105,3.0,0.0,5
한동글로벌학교 기후변화 A반,125105,4.0,0.0,11
한동글로벌학교 기후변화 A반,125105,8.0,0.0,3
한동글로벌학교 기후변화 A반,125105,9.0,0.0,45
한동글로벌학교 기후변화 A반,125105,11.0,0.0,2
한동글로벌학교 기후변화 A반,125106,3.0,0.0,8
한동글로벌학교 기후변화 A반,125106,9.0,0.0,46
한동글로벌학교 기후변화 A반,125107,1.0,0.0,9
한동글로벌학교 기후변화 A반,125107,2.0,0.0,63
한동글로벌학교 기후변화 A반,125107,3.0,0.0,20
한동글로벌학교 기후변화 A반,125107,8.0,0.0,7
한동글로벌학교 기후변화 A반,125108,3.0,0.0,2
한동글로벌학교 기후변화 A반,125108,4.0,0.0,56
한동글로벌학교 기후변화 A반,125108,9.0,0.0,10
한동글로벌학교 기후변화 A반,125109,8.0,0.0,7
한동글로벌학교 기후변화 A반,125109,9.0,0.0,2
한동글로벌학교 기후변화 A반,125110,1.0,0.0,5
한동글로벌학교 기후변화 A반,125110,2.0,0.0,1
한동글로벌학교 기후변화 A반,125110,3.0,0.0,2
한동글로벌학교 기후변화 A반,125110,4.0,0.0,8
한동글로벌학교 기후변화 A반,125110,5.0,0.0,2
한동글로벌학교 기후변화 A반,125110,8.0,0.0,2
한동글로벌학교 기후변화 A반,125110,9.0,0.0,44
한동글로벌학교 기후변화 A반,125111,3.0,0.0,12
한동글로벌학교 기후변화 A반,125111,9.0,0.0,38
한동글로벌학교 기후변화 A반,125112,1.0,0.0,2
한동글로벌학교 기후변화 A반,125112,2.0,0.0,4
한동글로벌학교 기후변화 A반,125112,9.0,0.0,39
한동글로벌학교 기후변화 A반,125113,9.0,0.0,41
한동글로벌학교 기후변화 A반,125114,3.0,0.0,2
한동글로벌학교 기후변화 A반,125115,1.0,0.0,1
한동글로벌학교 기후변화 A반,125115,2.0,0.0,23
한동글로벌학교 기후변화 A반,125115,3.0,0.0,4
한동글로벌학교 기후변화 A반,125115,4.0,0.0,8
한동글로벌학교 기후변화 A반,125115,8.0,0.0,10
한동글로벌학교 기후변화 A반,125115,9.0,0.0,79
한동글로벌학교 기후변화 A반,125116,3.0,0.0,10
한동글로벌학교 기후변화 A반,125116,4.0,0.0,6
한동글로벌학교 기후변화 A반,125116,5.0,0.0,4
한동글로벌학교 기후변화 A반,125116,8.0,0.0,2
한동글로벌학교 기후변화 A반,125117,9.0,0.0,38
한동글로벌학교 기후변화 A반,125118,9.0,0.0,38
한동글로벌학교 기후변화 A반,125119,3.0,0.0,24
한동글로벌학교 기후변화 A반,125119,4.0,0.0,40
한동글로벌학교 기후변화 A반,125119,5.0,0.0,2
한동글로벌학교 기후변화 A반,125119,8.0,0.0,2
한동글로벌학교 기후변화 A반,125120,3.0,0.0,2
한동글로벌학교 기후변화 A반,125120,9.0,0.0,23
한동글로벌학교 기후변화 B반,125121,1.0,0.0,1
한동글로벌학교 기후변화 B반,125121,2.0,0.0,20
한동글로벌학교 기후변화 B반,125121,3.0,0.0,26
한동글로벌학교 기후변화 B반,125121,5.0,0.0,8
한동글로벌학교 기후변화 B반,125121,6.0,0.0,9
한동글로벌학교 기후변화 B반,125121,8.0,0.0,18
한동글로벌학교 기후변화 B반,125121,9.0,0.0,4
한동글로벌학교 기후변화 B반,125121,10.0,0.0,15
한동글로벌학교 기후변화 B반,125121,11.0,0.0,3
한동글로벌학교 기후변화 B반,125121,12.0,0.0,8
한동글로벌학교 기후변화 B반,125123,1.0,0.0,3
한동글로벌학교 기후변화 B반,125123,3.0,0.0,17
한동글로벌학교 기후변화 B반,125123,5.0,0.0,6
한동글로벌학교 기후변화 B반,125123,6.0,0.0,8
한동글로벌학교 기후변화 B반,125123,7.0,0.0,18
한동글로벌학교 기후변화 B반,125123,8.0,0.0,13
한동글로벌학교 기후변화 B반,125123,9.0,0.0,1
한동글로벌학교 기후변화 B반,125123,10.0,0.0,1
한동글로벌학교 기후변화 B반,125123,11.0,0.0,2
한동글로벌학교 기후변화 B반,125124,3.0,0.0,4
한동글로벌학교 기후변화 B반,125124,5.0,0.0,2
한동글로벌학교 기후변화 B반,125124,10.0,0.0,5
한동글로벌학교 기후변화 B반,125124,11.0,0.0,4
한동글로벌학교 기후변화 B반,125125,1.0,0.0,2
한동글로벌학교 기후변화 B반,125125,3.0,0.0,4
한동글로벌학교 기후변화 B반,125125,7.0,0.0,41
한동글로벌학교 기후변화 B반,125125,8.0,0.0,2
한동글로벌학교 기후변화 B반,125126,1.0,0.0,25
한동글로벌학교 기후변화 B반,125127,1.0,0.0,5
한동글로벌학교 기후변화 B반,125127,2.0,0.0,3
한동글로벌학교 기후변화 B반,125127,5.0,0.0,12
한동글로벌학교 기후변화 B반,125127,10.0,0.0,63
한동글로벌학교 기후변화 B반,125127,11.0,0.0,30
한동글로벌학교 기후변화 B반,125128,1.0,0.0,5
한동글로벌학교 기후변화 B반,125128,3.0,0.0,9
한동글로벌학교 기후변화 B반,125128,6.0,0.0,3
한동글로벌학교 기후변화 B반,125128,7.0,0.0,2
한동글로벌학교 기후변화 B반,125128,8.0,0.0,4
한동글로벌학교 기후변화 B반,125128,9.0,0.0,1
한동글로벌학교 기후변화 B반,125128,10.0,0.0,96
한동글로벌학교 기후변화 B반,125128,11.0,0.0,8
한동글로벌학교 기후변화 B반,125129,1.0,0.0,2
한동글로벌학교 기후변화 B반,125129,3.0,0.0,10
한동글로벌학교 기후변화 B반,125129,5.0,0.0,6
한동글로벌학교 기후변화 B반,125129,8.0,0.0,4
한동글로벌학교 기후변화 B반,125129,12.0,0.0,6
한동글로벌학교 기후변화 B반,125130,1.0,0.0,103
한동글로벌학교 기후변화 B반,125130,2.0,0.0,1
한동글로벌학교 기후변화 B반,125130,8.0,0.0,9
한동글로벌학교 기후변화 B반,125130,9.0,0.0,2
한동글로벌학교 기후변화 B반,125130,10.0,0.0,1
한동글로벌학교 기후변화 B반,125130,11.0,0.0,1
한동글로벌학교 기후변화 B반,125131,1.0,0.0,14
한동글로벌학교 기후변화 B반,125131,2.0,0.0,1
한동글로벌학교 기후변화 B반,125131,7.0,0.0,1
한동글로벌학교 기후변화 B반,125131,11.0,0.0,17
한동글로벌학교 기후변화 B반,125132,2.0,0.0,3
한동글로벌학교 기후변화 B반,125132,6.0,0.0,3
한동글로벌학교 기후변화 B반,125132,8.0,0.0,1
한동글로벌학교 기후변화 B반,125132,9.0,0.0,1
한동글로벌학교 기후변화 B반,125132,10.0,0.0,13
한동글로벌학교 기후변화 B반,125132,11.0,0.0,109
한동글로벌학교 기후변화 B반,125133,1.0,0.0,2
한동글로벌학교 기후변화 B반,125133,8.0,0.0,15
한동글로벌학교 기후변화 B반,125133,9.0,0.0,2
한동글로벌학교 기후변화 B반,125133,10.0,0.0,1
한동글로벌학교 기후변화 B반,125133,11.0,0.0,36
한동글로벌학교 기후변화 B반,125134,7.0,0.0,3
한동글로벌학교 기후변화 B반,125136,3.0,0.0,10
한동글로벌학교 기후변화 B반,125136,5.0,0.0,8
한동글로벌학교 기후변화 B반,125136,6.0,0.0,8
한동글로벌학교 기후변화 B반,125136,8.0,0.0,28
한동글로벌학교 기후변화 B반,125136,11.0,0.0,14
한동글로벌학교 기후변화 B반,125137,8.0,0.0,6
한동글로벌학교 기후변화 B반,125137,9.0,0.0,2
한동글로벌학교 기후변화 B반,125137,10.0,0.0,1
한동글로벌학교 기후변화 B반,125137,11.0,0.0,5
한동글로벌학교 기후변화 B반,125138,1.0,0.0,2
한동글로벌학교 기후변화 B반,125138,7.0,0.0,11
한동글로벌학교 기후변화 B반,125138,8.0,0.0,36
한동글로벌학교 기후변화 B반,125139,3.0,0.0,4
한동글로벌학교 기후변화 B반,125139,8.0,0.0,2
한동글로벌학교 기후변화 B반,125140,9.0,0.0,16
향동중학교 기후변화,127505,2.0,0.0,48
향동중학교 기후변화,127505,3.0,0.0,66
향동중학교 기후변화,127505,6.0,0.0,4
향동중학교 기후변화,127505,8.0,0.0,6
향동중학교 기후변화,127506,1.0,0.0,19
향동중학교 기후변화,127506,2.0,0.0,45
향동중학교 기후변화,127506,3.0,0.0,13
향동중학교 기후변화,127506,6.0,0.0,11
향동중학교 기후변화,127506,8.0,0.0,2
향동중학교 기후변화,127507,2.0,0.0,34
향동중학교 기후변화,127507,3.0,0.0,16
향동중학교 기후변화,127507,6.0,0.0,6
향동중학교 기후변화,127508,2.0,0.0,54
향동중학교 기후변화,127508,3.0,0.0,26
향동중학교 기후변화,127508,6.0,0.0,21
향동중학교 기후변화,127509,1.0,0.0,22
향동중학교 기후변화,127509,2.0,0.0,66
향동중학교 기후변화,127509,3.0,0.0,19
향동중학교 기후변화,127509,4.0,0.0,1
향동중학교 기후변화,127509,6.0,0.0,9
향동중학교 기후변화,127509,8.0,0.0,6
향동중학교 기후변화,127510,1.0,0.0,20
향동중학교 기후변화,127510,2.0,0.0,80
향동중학교 기후변화,127510,3.0,0.0,16
향동중학교 기후변화,127510,4.0,0.0,1
향동중학교 기후변화,127510,6.0,0.0,2
향동중학교 기후변화,127510,8.0,0.0,2
향동중학교 기후변화,127511,1.0,0.0,3
향동중학교 기후변화,127511,2.0,0.0,41
향동중학교 기후변화,127511,3.0,0.0,118
향동중학교 기후변화,127511,6.0,0.0,21
향동중학교 기후변화,127511,8.0,0.0,3
향동중학교 기후변화,127512,1.0,0.0,8
향동중학교 기후변화,127512,2.0,0.0,31
향동중학교 기후변화,127512,3.0,0.0,47
향동중학교 기후변화,127512,6.0,0.0,3
향동중학교 기후변화,127512,8.0,0.0,2
향동중학교 기후변화,127513,1.0,0.0,5
향동중학교 기후변화,127513,2.0,0.0,35
향동중학교 기후변화,127513,3.0,0.0,234
향동중학교 기후변화,127513,6.0,0.0,10
향동중학교 기후변화,127513,8.0,0.0,2
향동중학교 기후변화,127514,2.0,0.0,33
향동중학교 기후변화,127514,3.0,0.0,24
향동중학교 기후변화,127514,4.0,0.0,2
향동중학교 기후변화,127514,6.0,0.0,14
향동중학교 기후변화,127515,2.0,0.0,131
향동중학교 기후변화,127515,3.0,0.0,20
향동중학교 기후변화,127515,4.0,0.0,5
향동중학교 기후변화,127515,6.0,0.0,13
향동중학교 기후변화,127515,8.0,0.0,2
향동중학교 기후변화,127516,1.0,0.0,16
향동중학교 기후변화,127516,2.0,0.0,31
향동중학교 기후변화,127516,3.0,0.0,70
향동중학교 기후변화,127516,4.0,0.0,1
향동중학교 기후변화,127516,6.0,0.0,35
향동중학교 기후변화,127517,2.0,0.0,66
향동중학교 기후변화,127517,3.0,0.0,20
향동중학교 기후변화,127517,4.0,0.0,1
향동중학교 기후변화,127517,6.0,0.0,15
향동중학교 기후변화,127518,2.0,0.0,39
향동중학교 기후변화,127518,3.0,0.0,29
향동중학교 기후변화,127518,4.0,0.0,2
향동중학교 기후변화,127518,6.0,0.0,10
향동중학교 기후변화,127518,8.0,0.0,2
향동중학교 기후변화,127519,1.0,0.0,9
향동중학교 기후변화,127519,2.0,0.0,37
향동중학교 기후변화,127519,3.0,0.0,59
향동중학교 기후변화,127519,6.0,0.0,7
향동중학교 기후변화,127519,8.0,0.0,4
향동중학교 기후변화,127520,2.0,0.0,68
향동중학교 기후변화,127520,3.0,0.0,44
향동중학교 기후변화,127520,6.0,0.0,3
향동중학교 기후변화,127520,8.0,0.0,2
향동중학교 기후변화,127521,2.0,0.0,48
향동중학교 기후변화,127521,3.0,0.0,10
향동중학교 기후변화,127521,6.0,0.0,44
향동중학교 기후변화,127521,8.0,0.0,8
향동중학교 기후변화,127522,1.0,0.0,5
향동중학교 기후변화,127522,2.0,0.0,39
향동중학교 기후변화,127522,3.0,0.0,50
향동중학교 기후변화,127522,6.0,0.0,2
향동중학교 기후변화,127522,8.0,0.0,6
향동중학교 기후변화,127523,1.0,0.0,25
향동중학교 기후변화,127523,2.0,0.0,47
향동중학교 기후변화,127523,3.0,0.0,36
향동중학교 기후변화,127523,4.0,0.0,2
향동중학교 기후변화,127523,6.0,0.0,7
향동중학교 기후변화,127523,8.0,0.0,2
화봉고등학교 식량안보,126231,7.0,0.0,10
화봉고등학교 식량안보,126231,10.0,0.0,2
화봉고등학교 식량안보,126232,1.0,0.0,2
화봉고등학교 식량안보,126232,2.0,0.0,1
화봉고등학교 식량안보,126232,3.0,0.0,1
화봉고등학교 식량안보,126232,9.0,0.0,1
화봉고등학교 식량안보,126233,4.0,0.0,2
화봉고등학교 식량안보,126233,7.0,0.0,6
화봉고등학교 식량안보,126233,8.0,0.0,2
화봉고등학교 식량안보,126233,9.0,0.0,1
화봉고등학교 식량안보,126233,14.0,0.0,1
화봉고등학교 식량안보,126235,2.0,0.0,13
화봉고등학교 식량안보,126235,3.0,0.0,4
화봉고등학교 식량안보,126235,4.0,0.0,11
화봉고등학교 식량안보,126235,6.0,0.0,3
화봉고등학교 식량안보,126235,9.0,0.0,1
화봉고등학교 식량안보,126236,1.0,0.0,23
화봉고등학교 식량안보,126236,3.0,0.0,1
화봉고등학교 식량안보,126236,7.0,0.0,2
화봉고등학교 식량안보,126236,9.0,0.0,1
화봉고등학교 식량안보,126236,12.0,0.0,2
화봉고등학교 식량안보,126236,14.0,0.0,2
